,Public_Health_score,Politics_score,Predicted_Label
0,35.87,56.32,politics
1,50.14,54.96,politics
2,29.83,68.44,politics
3,22.64,17.83,ambiguous
4,12.74,84.03,politics
5,86.13,66.2,public health
6,69.26,56.21,public health
7,40.9,55.86,politics
8,96.47,3.59,public health
9,17.27,59.41,politics
10,15.1,68.89,politics
11,20.94,69.66,politics
12,94.4,4.13,public health
13,21.53,64.15,politics
14,22.63,51.28,politics
15,92.53,11.5,public health
16,95.94,47.63,public health
17,18.74,58.53,politics
18,70.6,44.22,public health
19,5.07,95.15,politics
20,86.66,47.95,public health
21,65.37,59.05,public health
22,23.67,54.62,politics
23,91.17,15.44,public health
24,95.69,3.79,public health
25,95.01,8.2,public health
26,90.58,18.15,public health
27,8.97,52.75,politics
28,78.09,47.26,public health
29,92.44,44.8,public health
30,76.01,23.48,public health
31,94.56,8.89,public health
32,3.13,98.52,politics
33,19.01,63.19,politics
34,78.83,36.23,public health
35,23.85,44.54,ambiguous
36,44.71,46.18,ambiguous
37,57.43,13.74,public health
38,61.63,53.7,public health
39,73.4,29.06,public health
40,95.98,7.1,public health
41,55.56,92.49,politics
42,34.65,43.48,ambiguous
43,96.17,2.95,public health
44,12.97,57.68,politics
45,49.95,65.23,politics
46,87.57,21.26,public health
47,26.04,58.53,politics
48,37.38,56.38,politics
49,86.8,2.63,public health
50,90.94,8.36,public health
51,22.66,41.19,ambiguous
52,78.03,55.89,public health
53,8.16,69.63,politics
54,21.19,91.64,politics
55,94.24,12.16,public health
56,78.95,88.05,politics
57,29.44,54.15,politics
58,20.99,60.28,politics
59,32.37,53.72,politics
60,22.24,57.74,politics
61,54.28,59.54,politics
62,96.54,25.85,public health
63,79.4,64.68,public health
64,70.38,5.41,public health
65,8.67,92.36,politics
66,84.72,49.53,public health
67,30.78,55.17,politics
68,24.02,50.19,politics
69,54.15,56.07,politics
70,18.43,43.6,ambiguous
71,71.71,55.78,public health
72,15.66,38.49,ambiguous
73,90.36,17.81,public health
74,86.18,37.21,public health
75,10.24,89.31,politics
76,92.25,16.02,public health
77,42.64,55.17,politics
78,56.63,92.34,politics
79,85.44,39.02,public health
80,38.98,48.61,ambiguous
81,90.43,5.24,public health
82,13.99,53.7,politics
83,21.42,39.28,ambiguous
84,86.06,22.26,public health
85,32.6,59.85,politics
86,40.12,31.97,ambiguous
87,13.16,91.41,politics
88,79.13,51.07,public health
89,79.21,48.57,public health
90,83.87,33.36,public health
91,58.62,86.71,politics
92,10.06,73.81,politics
93,44.95,78.01,politics
94,7.59,91.57,politics
95,22.63,97.65,politics
96,92.65,14.45,public health
97,12.6,86.64,politics
98,6.8,92.11,politics
99,13.95,36.09,ambiguous
100,69.13,56.0,public health
101,19.55,92.27,politics
102,95.63,31.89,public health
103,5.0,29.36,ambiguous
104,8.95,92.62,politics
105,13.54,51.12,politics
106,85.23,27.36,public health
107,93.89,3.05,public health
108,29.14,57.38,politics
109,17.94,65.43,politics
110,86.52,33.53,public health
111,92.66,5.05,public health
112,36.72,54.71,politics
113,33.07,53.69,politics
114,83.63,13.69,public health
115,85.29,43.27,public health
116,15.34,26.99,ambiguous
117,44.2,25.45,ambiguous
118,31.11,38.14,ambiguous
119,11.57,26.29,ambiguous
120,65.13,88.71,politics
121,16.49,88.19,politics
122,93.71,8.97,public health
123,21.86,51.53,politics
124,6.5,95.32,politics
125,97.07,1.98,public health
126,6.98,94.49,politics
127,19.25,42.36,ambiguous
128,94.51,25.65,public health
129,31.51,50.2,politics
130,91.06,22.88,public health
131,11.46,89.66,politics
132,6.91,67.52,politics
133,29.84,67.25,politics
134,91.79,12.53,public health
135,73.1,61.63,public health
136,95.07,6.18,public health
137,23.97,58.18,politics
138,92.18,23.74,public health
139,2.85,89.48,politics
140,18.45,59.51,politics
141,76.41,32.08,public health
142,96.17,3.28,public health
143,47.68,51.89,politics
144,88.58,49.42,public health
145,57.41,64.95,politics
146,95.4,18.5,public health
147,91.06,13.06,public health
148,22.97,72.59,politics
149,94.56,21.3,public health
150,2.25,97.21,politics
151,84.51,41.19,public health
152,42.75,10.21,ambiguous
153,21.11,62.98,politics
154,73.22,9.14,public health
155,16.05,62.52,politics
156,91.98,32.02,public health
157,24.78,93.16,politics
158,87.42,10.74,public health
159,2.01,26.83,ambiguous
160,96.65,4.55,public health
161,31.16,80.59,politics
162,4.3,25.8,ambiguous
163,52.9,36.31,public health
164,41.57,64.81,politics
165,86.62,35.18,public health
166,3.6,94.86,politics
167,91.58,5.69,public health
168,96.19,12.75,public health
169,96.46,5.78,public health
170,23.79,69.95,politics
171,58.84,38.53,public health
172,22.49,49.75,ambiguous
173,13.9,75.26,politics
174,63.82,60.64,public health
175,71.12,50.9,public health
176,28.25,30.73,ambiguous
177,83.34,19.78,public health
178,14.6,81.62,politics
179,25.99,77.12,politics
180,13.45,90.87,politics
181,25.57,11.43,ambiguous
182,60.28,69.68,politics
183,5.79,93.11,politics
184,9.1,56.21,politics
185,44.62,78.01,politics
186,88.54,53.79,public health
187,54.79,65.29,politics
188,20.75,58.66,politics
189,36.07,72.67,politics
190,26.62,69.37,politics
191,93.38,7.88,public health
192,35.01,66.64,politics
193,93.17,9.69,public health
194,92.81,3.15,public health
195,85.46,30.83,public health
196,23.81,57.15,politics
197,92.64,8.87,public health
198,2.15,48.97,ambiguous
199,27.26,90.02,politics
200,17.03,43.4,ambiguous
201,45.71,41.92,ambiguous
202,20.79,34.52,ambiguous
203,72.56,56.4,public health
204,33.85,29.49,ambiguous
205,37.19,23.47,ambiguous
206,2.88,7.47,ambiguous
207,73.76,83.72,politics
208,91.68,3.34,public health
209,81.18,42.65,public health
210,93.92,11.55,public health
211,26.89,51.18,politics
212,28.99,50.47,politics
213,40.34,61.16,politics
214,85.49,10.66,public health
215,90.46,30.16,public health
216,68.82,52.58,public health
217,32.44,41.46,ambiguous
218,95.52,26.72,public health
219,88.65,13.07,public health
220,89.77,53.25,public health
221,3.73,97.35,politics
222,22.84,73.51,politics
223,13.33,51.17,politics
224,24.23,50.97,politics
225,87.7,2.84,public health
226,59.65,34.47,public health
227,94.09,71.65,public health
228,31.03,50.05,politics
229,90.94,30.01,public health
230,11.52,74.96,politics
231,91.91,16.65,public health
232,28.26,57.06,politics
233,88.39,20.13,public health
234,95.85,2.26,public health
235,89.13,26.8,public health
236,47.54,39.54,ambiguous
237,33.54,50.37,politics
238,74.43,46.0,public health
239,14.85,94.56,politics
240,79.69,69.88,public health
241,80.69,61.13,public health
242,55.76,76.27,politics
243,42.57,41.95,ambiguous
244,79.02,21.83,public health
245,73.3,58.49,public health
246,26.47,57.44,politics
247,94.61,6.4,public health
248,84.77,27.97,public health
249,59.76,79.95,politics
250,89.77,9.73,public health
251,18.12,48.17,ambiguous
252,61.43,43.15,public health
253,13.93,69.21,politics
254,81.55,77.84,public health
255,42.93,41.25,ambiguous
256,68.29,51.13,public health
257,50.14,38.78,public health
258,86.53,10.24,public health
259,66.08,34.66,public health
260,70.79,22.92,public health
261,33.36,60.25,politics
262,15.14,91.17,politics
263,3.42,97.29,politics
264,57.99,12.89,public health
265,73.32,39.08,public health
266,8.13,32.62,ambiguous
267,54.07,36.06,public health
268,29.59,32.69,ambiguous
269,89.71,5.55,public health
270,17.93,45.76,ambiguous
271,22.09,55.46,politics
272,34.82,73.08,politics
273,46.06,56.34,politics
274,28.41,98.22,politics
275,1.83,15.03,ambiguous
276,88.86,9.18,public health
277,36.95,49.02,ambiguous
278,51.53,95.71,politics
279,4.73,32.87,ambiguous
280,60.42,2.48,public health
281,21.62,50.33,politics
282,90.23,34.26,public health
283,5.55,55.16,politics
284,1.82,12.0,ambiguous
285,93.8,14.01,public health
286,25.55,87.66,politics
287,86.49,37.78,public health
288,92.17,24.48,public health
289,26.07,63.61,politics
290,93.35,30.63,public health
291,35.89,54.0,politics
292,15.86,43.58,ambiguous
293,24.92,63.33,politics
294,75.23,83.78,politics
295,12.78,77.86,politics
296,83.48,23.89,public health
297,40.58,51.69,politics
298,55.97,63.45,politics
299,93.55,11.32,public health
300,83.57,40.0,public health
301,42.85,47.96,ambiguous
302,83.58,37.52,public health
303,6.81,49.04,ambiguous
304,10.63,53.62,politics
305,78.92,7.43,public health
306,25.18,53.3,politics
307,79.53,58.07,public health
308,88.23,54.02,public health
309,39.32,46.0,ambiguous
310,95.81,14.43,public health
311,84.66,46.07,public health
312,8.59,90.27,politics
313,39.78,9.1,ambiguous
314,25.5,49.01,ambiguous
315,82.97,60.63,public health
316,27.96,54.11,politics
317,72.97,13.63,public health
318,15.64,74.57,politics
319,93.79,3.26,public health
320,36.93,60.51,politics
321,61.88,17.68,public health
322,81.33,51.53,public health
323,91.56,5.04,public health
324,33.61,48.5,ambiguous
325,45.87,72.99,politics
326,97.84,8.27,public health
327,49.32,57.24,politics
328,93.22,21.22,public health
329,13.86,45.06,ambiguous
330,83.67,35.16,public health
331,64.29,56.15,public health
332,54.17,27.17,public health
333,79.97,72.44,public health
334,2.13,17.82,ambiguous
335,52.22,32.08,public health
336,29.08,72.33,politics
337,81.72,47.96,public health
338,52.74,43.58,public health
339,7.14,85.12,politics
340,30.81,40.81,ambiguous
341,82.23,46.25,public health
342,30.74,47.83,ambiguous
343,90.18,40.68,public health
344,76.35,21.82,public health
345,51.2,63.45,politics
346,19.02,80.06,politics
347,32.38,59.68,politics
348,4.27,96.78,politics
349,5.45,97.64,politics
350,13.96,37.91,ambiguous
351,2.66,12.41,ambiguous
352,86.92,29.2,public health
353,5.13,94.62,politics
354,15.91,67.84,politics
355,11.27,54.58,politics
356,27.17,33.2,ambiguous
357,83.55,3.8,public health
358,87.21,15.57,public health
359,87.84,26.74,public health
360,25.92,61.58,politics
361,7.14,96.11,politics
362,78.16,38.97,public health
363,14.52,54.92,politics
364,83.97,19.09,public health
365,14.48,64.31,politics
366,53.75,39.77,public health
367,19.95,69.81,politics
368,89.62,11.15,public health
369,2.81,85.04,politics
370,52.99,32.52,public health
371,45.51,61.66,politics
372,16.69,54.97,politics
373,12.27,35.02,ambiguous
374,31.79,48.19,ambiguous
375,2.75,94.91,politics
376,91.08,7.35,public health
377,69.27,28.98,public health
378,96.23,39.74,public health
379,7.49,71.31,politics
380,37.38,56.38,politics
381,83.19,65.41,public health
382,26.91,48.23,ambiguous
383,86.31,11.65,public health
384,96.15,4.1,public health
385,94.75,6.23,public health
386,59.82,38.02,public health
387,78.99,49.1,public health
388,34.73,55.32,politics
389,57.97,56.66,public health
390,11.22,78.89,politics
391,87.92,16.54,public health
392,21.09,37.73,ambiguous
393,56.3,2.95,public health
394,77.09,74.07,public health
395,59.12,37.02,public health
396,8.72,51.86,politics
397,89.06,18.85,public health
398,36.46,55.13,politics
399,94.71,6.31,public health
400,88.67,49.6,public health
401,79.76,85.88,politics
402,45.35,41.73,ambiguous
403,64.86,23.82,public health
404,70.62,93.56,politics
405,70.72,60.02,public health
406,34.36,64.22,politics
407,93.32,3.35,public health
408,65.85,18.79,public health
409,25.07,50.3,politics
410,96.39,5.74,public health
411,29.08,56.35,politics
412,39.62,64.51,politics
413,87.87,13.79,public health
414,16.79,48.22,ambiguous
415,67.67,3.64,public health
416,13.73,73.65,politics
417,31.81,44.78,ambiguous
418,93.35,7.29,public health
419,29.09,40.73,ambiguous
420,86.87,23.89,public health
421,76.72,46.66,public health
422,48.74,95.65,politics
423,76.99,73.28,public health
424,77.12,29.08,public health
425,23.39,63.55,politics
426,95.29,5.92,public health
427,88.65,72.33,public health
428,5.63,12.95,ambiguous
429,90.73,9.42,public health
430,34.72,51.85,politics
431,36.84,56.38,politics
432,36.62,78.92,politics
433,31.59,69.47,politics
434,37.91,46.63,ambiguous
435,88.28,54.12,public health
436,87.6,51.79,public health
437,49.08,58.71,politics
438,32.95,55.24,politics
439,3.67,23.08,ambiguous
440,95.78,10.5,public health
441,19.61,51.23,politics
442,11.5,25.26,ambiguous
443,12.72,74.55,politics
444,93.19,15.88,public health
445,22.27,49.01,ambiguous
446,72.43,31.52,public health
447,87.62,8.04,public health
448,79.61,10.38,public health
449,61.76,25.51,public health
450,22.79,43.95,ambiguous
451,19.51,65.31,politics
452,86.4,47.12,public health
453,17.85,63.0,politics
454,89.57,36.53,public health
455,27.3,35.7,ambiguous
456,83.94,36.19,public health
457,17.87,67.37,politics
458,80.92,15.05,public health
459,89.42,47.87,public health
460,13.84,52.96,politics
461,76.89,3.12,public health
462,77.94,24.33,public health
463,90.61,23.32,public health
464,21.46,56.73,politics
465,35.89,54.0,politics
466,15.03,56.97,politics
467,38.37,55.79,politics
468,92.48,21.19,public health
469,83.92,14.06,public health
470,48.3,79.39,politics
471,89.24,72.49,public health
472,49.48,14.99,ambiguous
473,6.12,92.13,politics
474,85.94,13.8,public health
475,87.17,1.83,public health
476,36.02,52.22,politics
477,76.02,21.03,public health
478,65.78,64.77,public health
479,25.95,58.8,politics
480,37.89,60.18,politics
481,37.38,56.38,politics
482,44.9,31.09,ambiguous
483,91.17,25.07,public health
484,93.67,33.1,public health
485,74.76,16.13,public health
486,88.44,33.8,public health
487,16.23,98.24,politics
488,13.16,47.94,ambiguous
489,90.46,17.52,public health
490,35.89,54.0,politics
491,8.22,41.94,ambiguous
492,92.09,12.88,public health
493,77.38,9.46,public health
494,22.18,48.04,ambiguous
495,43.59,86.54,politics
496,83.22,38.97,public health
497,90.02,19.68,public health
498,52.59,58.05,politics
499,6.7,27.39,ambiguous
500,5.75,59.96,politics
501,15.2,49.9,ambiguous
502,86.66,69.49,public health
503,77.72,57.22,public health
504,95.54,5.53,public health
505,3.72,67.6,politics
506,18.28,93.92,politics
507,25.77,45.81,ambiguous
508,74.76,17.35,public health
509,89.91,14.05,public health
510,28.78,68.67,politics
511,31.22,70.19,politics
512,27.35,43.53,ambiguous
513,30.75,81.29,politics
514,25.94,70.8,politics
515,4.38,90.25,politics
516,95.07,9.96,public health
517,61.79,47.23,public health
518,29.93,27.01,ambiguous
519,2.76,52.29,politics
520,52.49,62.61,politics
521,37.38,56.38,politics
522,61.94,38.27,public health
523,67.11,2.5,public health
524,6.83,41.2,ambiguous
525,94.57,15.13,public health
526,77.12,61.58,public health
527,87.86,53.44,public health
528,80.74,3.45,public health
529,36.52,44.96,ambiguous
530,24.06,65.55,politics
531,90.62,15.29,public health
532,29.67,49.95,ambiguous
533,86.31,7.03,public health
534,84.65,23.44,public health
535,18.76,96.79,politics
536,96.15,7.56,public health
537,28.55,37.41,ambiguous
538,13.82,53.39,politics
539,93.72,22.52,public health
540,78.04,27.76,public health
541,33.01,71.51,politics
542,66.52,16.18,public health
543,71.5,29.33,public health
544,91.06,43.64,public health
545,7.51,87.76,politics
546,85.48,53.1,public health
547,84.06,46.55,public health
548,46.77,50.83,politics
549,53.56,72.57,politics
550,13.11,88.26,politics
551,81.45,67.94,public health
552,11.68,51.76,politics
553,3.09,92.57,politics
554,22.58,30.87,ambiguous
555,22.99,69.27,politics
556,85.0,19.59,public health
557,35.61,63.85,politics
558,44.66,69.73,politics
559,92.89,16.13,public health
560,26.15,81.74,politics
561,86.95,26.64,public health
562,93.91,15.29,public health
563,83.45,6.02,public health
564,60.54,15.41,public health
565,22.44,38.52,ambiguous
566,46.2,68.65,politics
567,9.85,97.33,politics
568,19.21,63.15,politics
569,60.3,45.97,public health
570,74.86,42.23,public health
571,24.5,70.31,politics
572,76.46,39.74,public health
573,92.14,47.81,public health
574,93.75,12.16,public health
575,15.21,46.82,ambiguous
576,17.8,58.85,politics
577,75.44,54.95,public health
578,22.02,47.75,ambiguous
579,93.21,21.75,public health
580,88.63,26.09,public health
581,33.3,83.84,politics
582,86.16,31.33,public health
583,93.62,6.18,public health
584,68.89,62.07,public health
585,63.57,60.2,public health
586,91.61,27.13,public health
587,87.47,52.23,public health
588,95.46,9.29,public health
589,19.98,37.64,ambiguous
590,24.01,34.43,ambiguous
591,33.0,53.55,politics
592,23.87,38.9,ambiguous
593,77.92,27.04,public health
594,31.92,56.54,politics
595,17.37,42.51,ambiguous
596,32.48,50.6,politics
597,91.65,26.6,public health
598,47.24,51.89,politics
599,53.09,46.82,public health
600,87.8,63.14,public health
601,10.64,53.46,politics
602,5.05,86.8,politics
603,77.94,58.93,public health
604,63.52,78.39,politics
605,45.59,36.47,ambiguous
606,17.91,44.46,ambiguous
607,40.52,72.95,politics
608,84.99,10.79,public health
609,14.62,45.92,ambiguous
610,7.23,90.62,politics
611,10.52,82.62,politics
612,25.27,91.35,politics
613,86.36,31.58,public health
614,9.2,48.64,ambiguous
615,85.48,19.96,public health
616,82.71,27.64,public health
617,41.1,43.3,ambiguous
618,12.2,35.68,ambiguous
619,95.86,5.11,public health
620,25.7,34.57,ambiguous
621,15.83,32.66,ambiguous
622,37.38,56.38,politics
623,22.05,72.49,politics
624,79.66,42.54,public health
625,89.78,38.11,public health
626,93.17,5.61,public health
627,35.01,48.92,ambiguous
628,28.48,70.81,politics
629,72.69,53.86,public health
630,70.41,34.1,public health
631,31.46,68.81,politics
632,37.38,56.38,politics
633,92.35,31.19,public health
634,13.7,34.68,ambiguous
635,37.38,56.38,politics
636,5.58,88.94,politics
637,65.42,32.44,public health
638,91.43,2.34,public health
639,62.84,60.99,public health
640,88.39,28.81,public health
641,65.16,29.18,public health
642,58.43,16.2,public health
643,29.85,44.74,ambiguous
644,67.35,24.67,public health
645,19.27,60.94,politics
646,24.37,70.65,politics
647,46.17,69.08,politics
648,42.1,69.02,politics
649,14.55,27.94,ambiguous
650,37.38,56.38,politics
651,88.72,10.48,public health
652,56.97,61.05,politics
653,78.84,50.9,public health
654,25.96,89.73,politics
655,6.97,47.35,ambiguous
656,5.24,87.5,politics
657,90.02,6.71,public health
658,32.37,73.22,politics
659,24.69,79.69,politics
660,96.27,5.26,public health
661,94.21,4.85,public health
662,25.36,50.96,politics
663,16.85,42.08,ambiguous
664,34.49,51.97,politics
665,17.04,51.45,politics
666,11.97,27.55,ambiguous
667,88.31,10.45,public health
668,5.31,96.21,politics
669,8.08,94.78,politics
670,95.7,5.58,public health
671,57.17,9.25,public health
672,75.93,22.5,public health
673,59.52,69.02,politics
674,34.21,59.24,politics
675,11.15,78.33,politics
676,29.98,49.18,ambiguous
677,59.97,47.44,public health
678,27.57,61.2,politics
679,17.6,38.62,ambiguous
680,95.73,6.41,public health
681,93.09,20.0,public health
682,6.38,48.56,ambiguous
683,4.12,97.65,politics
684,45.56,33.36,ambiguous
685,88.99,16.33,public health
686,14.17,59.73,politics
687,95.74,13.33,public health
688,31.46,47.71,ambiguous
689,15.13,43.1,ambiguous
690,93.65,4.96,public health
691,96.51,11.8,public health
692,79.21,26.88,public health
693,73.19,62.65,public health
694,16.66,63.83,politics
695,71.54,72.19,politics
696,82.77,34.54,public health
697,93.48,3.88,public health
698,9.85,88.08,politics
699,8.95,62.91,politics
700,73.87,54.87,public health
701,40.08,50.44,politics
702,38.83,56.24,politics
703,93.79,10.36,public health
704,15.21,36.08,ambiguous
705,54.0,23.26,public health
706,16.55,44.54,ambiguous
707,35.89,54.0,politics
708,96.8,2.67,public health
709,47.06,82.39,politics
710,69.91,59.22,public health
711,93.6,18.76,public health
712,5.38,38.3,ambiguous
713,28.11,58.26,politics
714,83.17,14.64,public health
715,36.58,45.19,ambiguous
716,42.88,39.6,ambiguous
717,96.14,6.97,public health
718,92.44,43.05,public health
719,38.21,12.66,ambiguous
720,48.68,35.09,ambiguous
721,81.7,5.97,public health
722,19.67,93.55,politics
723,89.98,2.56,public health
724,89.9,3.97,public health
725,85.74,32.66,public health
726,78.67,14.76,public health
727,17.66,28.74,ambiguous
728,18.83,43.79,ambiguous
729,93.34,3.21,public health
730,29.93,32.59,ambiguous
731,20.52,49.93,ambiguous
732,48.72,26.73,ambiguous
733,83.71,45.94,public health
734,17.56,57.1,politics
735,10.27,93.92,politics
736,88.74,2.96,public health
737,72.75,40.69,public health
738,93.3,12.54,public health
739,21.26,64.58,politics
740,3.89,98.32,politics
741,18.87,52.72,politics
742,95.0,22.84,public health
743,17.58,46.04,ambiguous
744,29.36,49.09,ambiguous
745,63.77,65.84,politics
746,52.34,43.24,public health
747,11.33,64.81,politics
748,57.06,43.38,public health
749,3.28,98.27,politics
750,47.14,47.32,ambiguous
751,12.15,89.04,politics
752,79.01,35.58,public health
753,93.15,35.03,public health
754,72.11,84.12,politics
755,3.21,89.37,politics
756,88.32,21.02,public health
757,68.79,5.58,public health
758,84.16,30.46,public health
759,75.23,48.57,public health
760,22.79,50.8,politics
761,86.07,26.81,public health
762,20.41,71.83,politics
763,88.48,29.88,public health
764,28.41,52.8,politics
765,61.36,78.13,politics
766,83.3,38.14,public health
767,96.44,13.82,public health
768,2.78,44.78,ambiguous
769,93.22,17.38,public health
770,45.55,45.82,ambiguous
771,66.1,50.57,public health
772,33.13,73.85,politics
773,7.07,97.63,politics
774,11.3,49.85,ambiguous
775,37.73,82.8,politics
776,78.17,63.19,public health
777,86.3,12.43,public health
778,81.37,38.82,public health
779,32.81,51.59,politics
780,1.77,9.69,ambiguous
781,35.42,67.68,politics
782,64.49,26.98,public health
783,47.27,11.22,ambiguous
784,77.9,37.18,public health
785,28.0,48.54,ambiguous
786,77.88,16.13,public health
787,61.04,9.71,public health
788,13.77,47.33,ambiguous
789,27.24,52.89,politics
790,87.24,27.4,public health
791,4.87,49.63,ambiguous
792,77.59,24.56,public health
793,19.2,93.07,politics
794,97.73,3.26,public health
795,6.35,29.76,ambiguous
796,97.91,6.54,public health
797,54.2,69.24,politics
798,5.63,97.34,politics
799,94.84,7.53,public health
800,35.89,35.19,ambiguous
801,43.21,58.14,politics
802,85.36,33.83,public health
803,26.06,53.01,politics
804,35.89,54.0,politics
805,62.82,52.98,public health
806,65.95,49.0,public health
807,92.99,22.94,public health
808,27.23,41.6,ambiguous
809,37.38,56.38,politics
810,11.31,36.64,ambiguous
811,65.07,47.93,public health
812,6.64,71.11,politics
813,32.68,47.5,ambiguous
814,20.96,54.31,politics
815,30.46,96.19,politics
816,90.27,52.98,public health
817,40.19,54.5,politics
818,16.99,49.28,ambiguous
819,12.55,94.02,politics
820,41.06,70.62,politics
821,76.64,27.47,public health
822,66.28,86.88,politics
823,62.44,32.53,public health
824,92.38,30.88,public health
825,18.52,52.58,politics
826,93.4,2.91,public health
827,22.57,50.37,politics
828,5.8,79.84,politics
829,33.56,56.63,politics
830,65.77,56.66,public health
831,79.33,1.95,public health
832,93.1,21.7,public health
833,4.22,95.98,politics
834,81.68,5.31,public health
835,70.65,25.89,public health
836,95.25,32.98,public health
837,90.01,27.18,public health
838,28.27,60.98,politics
839,88.81,21.69,public health
840,94.31,10.62,public health
841,90.0,20.3,public health
842,92.39,4.45,public health
843,92.42,11.74,public health
844,72.06,84.91,politics
845,39.2,15.52,ambiguous
846,39.44,33.05,ambiguous
847,89.35,3.52,public health
848,31.75,76.12,politics
849,35.89,54.0,politics
850,17.49,74.56,politics
851,71.42,47.73,public health
852,29.07,62.84,politics
853,90.38,40.02,public health
854,16.84,73.5,politics
855,37.38,56.38,politics
856,61.76,60.72,public health
857,93.77,15.0,public health
858,65.93,67.65,politics
859,73.1,79.59,politics
860,11.7,45.16,ambiguous
861,68.86,47.12,public health
862,11.04,63.54,politics
863,8.7,59.88,politics
864,4.23,94.84,politics
865,20.77,13.39,ambiguous
866,9.29,94.56,politics
867,71.05,45.28,public health
868,43.25,43.51,ambiguous
869,64.19,60.25,public health
870,96.63,2.62,public health
871,19.62,49.53,ambiguous
872,39.17,53.67,politics
873,27.24,43.79,ambiguous
874,6.87,96.8,politics
875,86.38,36.01,public health
876,33.68,91.11,politics
877,80.27,15.32,public health
878,54.78,48.63,public health
879,46.97,35.04,ambiguous
880,23.67,44.85,ambiguous
881,86.12,42.44,public health
882,95.47,2.57,public health
883,37.38,56.38,politics
884,8.92,61.99,politics
885,90.73,19.36,public health
886,86.28,28.59,public health
887,17.39,49.85,ambiguous
888,23.82,90.93,politics
889,24.31,63.0,politics
890,77.29,77.28,public health
891,97.47,14.02,public health
892,93.12,1.96,public health
893,34.4,48.85,ambiguous
894,63.58,9.31,public health
895,85.99,40.49,public health
896,17.74,53.86,politics
897,88.27,11.99,public health
898,93.24,13.38,public health
899,94.92,5.92,public health
900,82.96,66.8,public health
901,83.86,49.91,public health
902,83.67,43.54,public health
903,61.69,94.03,politics
904,71.05,38.37,public health
905,19.46,54.05,politics
906,97.67,18.41,public health
907,3.2,42.46,ambiguous
908,95.86,12.83,public health
909,89.28,51.94,public health
910,1.05,8.31,ambiguous
911,60.62,46.18,public health
912,84.33,20.21,public health
913,22.54,46.35,ambiguous
914,15.39,64.64,politics
915,15.87,93.96,politics
916,25.9,47.13,ambiguous
917,9.37,16.47,ambiguous
918,96.1,31.7,public health
919,91.31,61.36,public health
920,37.38,56.38,politics
921,24.52,50.99,politics
922,62.67,1.2,public health
923,33.7,51.65,politics
924,30.21,93.71,politics
925,19.38,62.37,politics
926,90.8,19.87,public health
927,4.73,97.52,politics
928,80.5,4.7,public health
929,4.71,66.56,politics
930,81.37,51.9,public health
931,82.97,42.79,public health
932,62.33,40.82,public health
933,77.01,27.12,public health
934,69.03,56.87,public health
935,30.84,68.73,politics
936,4.51,23.32,ambiguous
937,85.66,32.35,public health
938,4.52,57.1,politics
939,94.23,10.84,public health
940,56.15,50.87,public health
941,93.8,13.18,public health
942,23.26,42.47,ambiguous
943,82.03,4.14,public health
944,22.21,64.35,politics
945,40.09,67.29,politics
946,89.46,14.75,public health
947,13.54,63.64,politics
948,9.31,77.39,politics
949,38.44,61.99,politics
950,71.19,71.52,politics
951,19.91,71.63,politics
952,26.18,53.6,politics
953,16.77,82.31,politics
954,76.59,58.96,public health
955,37.38,56.38,politics
956,95.55,29.24,public health
957,82.07,52.21,public health
958,5.21,12.04,ambiguous
959,17.07,47.67,ambiguous
960,94.29,10.23,public health
961,85.46,19.82,public health
962,11.81,65.25,politics
963,90.62,27.79,public health
964,80.25,44.99,public health
965,35.89,54.0,politics
966,92.36,28.66,public health
967,88.17,2.98,public health
968,31.67,72.02,politics
969,87.44,29.31,public health
970,84.87,19.12,public health
971,12.3,86.44,politics
972,84.5,16.77,public health
973,37.38,56.38,politics
974,92.91,17.24,public health
975,18.97,91.74,politics
976,81.55,53.87,public health
977,19.09,52.65,politics
978,91.05,25.85,public health
979,87.45,64.72,public health
980,92.36,4.1,public health
981,8.53,43.59,ambiguous
982,88.71,20.44,public health
983,86.45,25.87,public health
984,17.44,29.93,ambiguous
985,7.29,82.68,politics
986,72.0,32.01,public health
987,12.19,92.32,politics
988,90.17,3.84,public health
989,18.75,85.15,politics
990,51.81,87.15,politics
991,88.5,16.48,public health
992,69.77,40.39,public health
993,40.46,70.4,politics
994,20.14,57.3,politics
995,77.8,26.05,public health
996,32.01,54.89,politics
997,2.6,78.81,politics
998,29.21,57.07,politics
999,36.77,53.01,politics
