,Public_Health_score,Politics_score,Predicted_Label
0,52.08,5.26,public health
1,15.32,32.96,ambiguous
2,28.46,86.12,politics
3,15.51,1.05,ambiguous
4,15.72,91.94,politics
5,97.25,99.33,politics
6,48.19,1.71,ambiguous
7,9.09,63.45,politics
8,99.49,1.04,public health
9,15.2,83.74,politics
10,0.95,35.19,ambiguous
11,7.68,24.24,ambiguous
12,97.03,0.64,public health
13,18.88,22.71,ambiguous
14,17.78,21.01,ambiguous
15,74.16,1.71,public health
16,99.54,89.23,public health
17,2.46,19.84,ambiguous
18,94.89,5.3,public health
19,0.18,97.6,politics
20,94.79,81.92,public health
21,45.72,26.97,ambiguous
22,21.98,29.5,ambiguous
23,88.03,0.73,public health
24,97.8,3.55,public health
25,98.37,2.46,public health
26,92.97,5.22,public health
27,1.71,1.84,ambiguous
28,63.02,17.65,public health
29,96.99,36.12,public health
30,21.2,0.68,ambiguous
31,94.16,3.42,public health
32,12.14,99.57,politics
33,0.55,20.85,ambiguous
34,76.1,1.4,public health
35,0.96,1.73,ambiguous
36,16.45,40.8,ambiguous
37,55.07,16.08,public health
38,44.29,57.83,politics
39,82.15,9.52,public health
40,99.46,1.53,public health
41,80.46,99.23,politics
42,24.31,28.16,ambiguous
43,98.91,2.7,public health
44,29.1,16.3,ambiguous
45,2.07,13.03,ambiguous
46,91.81,49.25,public health
47,6.45,40.02,ambiguous
48,31.98,34.21,ambiguous
49,70.71,0.35,public health
50,70.51,0.45,public health
51,4.17,0.67,ambiguous
52,77.2,71.73,public health
53,0.08,2.12,ambiguous
54,39.41,97.21,politics
55,57.21,0.14,public health
56,95.9,99.56,politics
57,49.79,42.08,ambiguous
58,23.72,64.67,politics
59,1.86,5.15,ambiguous
60,14.75,23.59,ambiguous
61,34.91,13.33,ambiguous
62,99.74,2.81,public health
63,93.31,37.7,public health
64,52.69,0.28,public health
65,9.41,96.79,politics
66,96.26,22.38,public health
67,20.99,73.58,politics
68,31.3,28.99,ambiguous
69,17.84,27.36,ambiguous
70,0.37,0.94,ambiguous
71,41.23,55.35,politics
72,1.31,13.35,ambiguous
73,70.39,53.71,public health
74,86.56,5.11,public health
75,16.73,66.76,politics
76,83.79,0.87,public health
77,37.71,25.4,ambiguous
78,82.05,99.05,politics
79,99.81,1.47,public health
80,28.49,29.48,ambiguous
81,96.97,0.64,public health
82,1.21,7.0,ambiguous
83,3.9,6.09,ambiguous
84,38.47,1.6,ambiguous
85,5.91,4.02,ambiguous
86,4.94,38.26,ambiguous
87,6.57,99.5,politics
88,36.02,7.52,ambiguous
89,68.94,29.75,public health
90,96.43,54.29,public health
91,71.56,98.45,politics
92,14.73,91.49,politics
93,12.0,22.96,ambiguous
94,0.47,99.32,politics
95,63.4,99.09,politics
96,95.21,0.54,public health
97,9.56,91.54,politics
98,1.76,94.05,politics
99,3.0,10.29,ambiguous
100,12.03,2.66,ambiguous
101,43.98,98.15,politics
102,97.03,39.73,public health
103,1.09,3.68,ambiguous
104,0.25,99.82,politics
105,5.45,34.72,ambiguous
106,86.31,1.39,public health
107,98.24,3.77,public health
108,25.78,16.63,ambiguous
109,17.4,14.01,ambiguous
110,36.24,3.18,ambiguous
111,82.27,0.79,public health
112,17.88,21.44,ambiguous
113,47.64,82.81,politics
114,89.27,4.54,public health
115,56.46,6.98,public health
116,3.09,49.23,ambiguous
117,12.94,14.63,ambiguous
118,1.85,5.46,ambiguous
119,1.45,2.03,ambiguous
120,81.32,97.99,politics
121,3.75,82.15,politics
122,98.15,18.05,public health
123,1.91,1.98,ambiguous
124,11.84,96.85,politics
125,99.3,1.01,public health
126,5.41,99.51,politics
127,36.22,37.89,ambiguous
128,99.47,92.97,public health
129,20.41,25.13,ambiguous
130,96.65,57.31,public health
131,1.14,94.52,politics
132,0.27,98.87,politics
133,28.85,75.93,politics
134,96.36,0.7,public health
135,48.36,91.67,politics
136,98.39,0.61,public health
137,0.17,0.95,ambiguous
138,44.27,4.8,ambiguous
139,0.07,87.74,politics
140,14.3,47.6,ambiguous
141,22.23,7.93,ambiguous
142,99.25,12.5,public health
143,71.94,24.78,public health
144,97.37,93.41,public health
145,37.34,78.27,politics
146,98.37,13.66,public health
147,83.96,14.09,public health
148,11.02,63.42,politics
149,96.16,97.92,politics
150,3.15,95.23,politics
151,94.49,15.9,public health
152,5.67,0.13,ambiguous
153,22.8,43.13,ambiguous
154,99.11,0.49,public health
155,10.41,52.09,politics
156,88.41,44.81,public health
157,2.39,98.86,politics
158,95.02,0.95,public health
159,0.17,0.72,ambiguous
160,90.46,9.14,public health
161,6.09,70.23,politics
162,0.04,0.07,ambiguous
163,11.38,6.17,ambiguous
164,42.55,73.09,politics
165,22.61,0.21,ambiguous
166,0.87,97.48,politics
167,98.21,0.15,public health
168,95.55,1.34,public health
169,98.55,0.94,public health
170,0.37,99.24,politics
171,7.77,16.04,ambiguous
172,1.84,1.63,ambiguous
173,21.1,57.01,politics
174,19.15,50.45,politics
175,99.27,97.53,public health
176,8.75,11.17,ambiguous
177,99.13,15.3,public health
178,1.43,95.3,politics
179,22.52,73.21,politics
180,0.26,98.96,politics
181,2.12,1.21,ambiguous
182,67.29,55.05,public health
183,0.12,96.12,politics
184,9.54,45.13,ambiguous
185,13.33,93.85,politics
186,92.17,96.22,politics
187,0.16,0.65,ambiguous
188,13.58,61.1,politics
189,1.31,77.78,politics
190,19.68,73.42,politics
191,84.25,0.21,public health
192,9.66,60.81,politics
193,60.76,0.42,public health
194,90.08,3.63,public health
195,99.35,0.22,public health
196,5.49,18.3,ambiguous
197,94.5,9.83,public health
198,0.13,4.34,ambiguous
199,59.18,85.79,politics
200,5.3,25.36,ambiguous
201,12.53,0.11,ambiguous
202,12.91,5.98,ambiguous
203,99.29,10.9,public health
204,25.32,1.71,ambiguous
205,5.18,2.18,ambiguous
206,7.56,8.94,ambiguous
207,99.73,98.82,public health
208,86.0,1.23,public health
209,74.94,9.36,public health
210,99.64,84.32,public health
211,16.53,19.42,ambiguous
212,23.34,17.49,ambiguous
213,18.91,10.84,ambiguous
214,75.38,0.76,public health
215,95.06,7.39,public health
216,68.05,9.14,public health
217,0.75,2.18,ambiguous
218,96.58,87.8,public health
219,78.26,1.49,public health
220,98.73,94.7,public health
221,12.6,99.68,politics
222,25.26,70.09,politics
223,2.09,12.48,ambiguous
224,0.51,0.24,ambiguous
225,96.56,0.11,public health
226,49.39,0.65,ambiguous
227,92.75,40.12,public health
228,27.01,19.22,ambiguous
229,74.98,62.4,public health
230,9.13,82.46,politics
231,47.66,0.19,ambiguous
232,0.41,2.77,ambiguous
233,65.91,1.27,public health
234,94.12,0.86,public health
235,97.33,0.91,public health
236,53.31,1.06,public health
237,18.27,21.07,ambiguous
238,93.5,0.35,public health
239,23.77,93.22,politics
240,98.68,98.04,public health
241,93.75,17.6,public health
242,80.96,70.92,public health
243,3.66,0.45,ambiguous
244,76.89,1.74,public health
245,14.01,19.92,ambiguous
246,53.25,41.24,public health
247,96.56,16.43,public health
248,21.64,5.29,ambiguous
249,79.0,55.74,public health
250,62.06,0.12,public health
251,5.35,2.44,ambiguous
252,58.93,1.3,public health
253,9.16,98.15,politics
254,97.08,94.34,public health
255,25.95,28.25,ambiguous
256,46.52,6.01,ambiguous
257,48.09,14.97,ambiguous
258,76.49,6.13,public health
259,13.32,4.87,ambiguous
260,58.28,0.28,public health
261,52.53,19.56,public health
262,17.36,99.37,politics
263,4.42,97.22,politics
264,9.72,0.34,ambiguous
265,25.19,24.5,ambiguous
266,15.79,15.98,ambiguous
267,68.32,52.16,public health
268,25.68,23.2,ambiguous
269,95.48,2.83,public health
270,11.55,4.36,ambiguous
271,18.08,26.07,ambiguous
272,21.96,46.95,ambiguous
273,1.45,0.1,ambiguous
274,64.15,97.82,politics
275,1.32,0.43,ambiguous
276,87.89,0.4,public health
277,24.13,34.01,ambiguous
278,2.65,99.73,politics
279,0.12,0.28,ambiguous
280,77.55,6.26,public health
281,0.9,38.6,ambiguous
282,63.18,19.06,public health
283,0.79,0.87,ambiguous
284,0.07,0.09,ambiguous
285,95.42,13.69,public health
286,81.71,94.89,politics
287,97.66,42.44,public health
288,65.44,0.91,public health
289,14.63,31.39,ambiguous
290,99.13,63.97,public health
291,16.92,19.99,ambiguous
292,0.13,0.1,ambiguous
293,42.05,2.42,ambiguous
294,63.09,95.9,politics
295,15.85,47.23,ambiguous
296,95.6,34.76,public health
297,27.92,59.82,politics
298,11.69,88.8,politics
299,87.55,9.51,public health
300,83.95,13.06,public health
301,26.59,23.76,ambiguous
302,92.44,13.38,public health
303,15.52,43.94,ambiguous
304,0.44,7.54,ambiguous
305,46.22,0.81,ambiguous
306,28.64,19.83,ambiguous
307,18.33,69.25,politics
308,30.38,83.48,politics
309,18.58,56.02,politics
310,99.44,0.45,public health
311,97.97,97.69,public health
312,0.24,96.48,politics
313,31.64,1.28,ambiguous
314,0.19,0.39,ambiguous
315,98.86,86.23,public health
316,27.76,3.12,ambiguous
317,62.83,0.89,public health
318,1.05,28.71,ambiguous
319,96.86,7.12,public health
320,34.12,79.17,politics
321,22.95,3.49,ambiguous
322,89.34,32.71,public health
323,96.75,42.85,public health
324,13.05,7.35,ambiguous
325,43.17,43.2,ambiguous
326,99.85,0.35,public health
327,31.56,26.86,ambiguous
328,95.43,2.65,public health
329,6.35,16.23,ambiguous
330,79.29,90.73,politics
331,89.28,8.74,public health
332,44.52,0.25,ambiguous
333,98.06,59.42,public health
334,0.37,0.93,ambiguous
335,98.26,1.4,public health
336,5.63,19.12,ambiguous
337,63.96,56.4,public health
338,53.51,0.46,public health
339,0.85,98.44,politics
340,19.22,16.8,ambiguous
341,43.87,93.4,politics
342,28.64,40.92,ambiguous
343,98.41,59.26,public health
344,46.73,3.33,ambiguous
345,0.07,0.56,ambiguous
346,25.27,96.84,politics
347,10.75,12.24,ambiguous
348,1.5,99.11,politics
349,1.47,99.45,politics
350,0.67,1.39,ambiguous
351,10.15,3.54,ambiguous
352,92.16,79.33,public health
353,4.06,99.68,politics
354,1.07,7.87,ambiguous
355,0.29,97.95,politics
356,40.99,2.12,ambiguous
357,91.58,3.33,public health
358,85.32,8.34,public health
359,76.82,88.88,politics
360,7.32,20.14,ambiguous
361,1.0,98.43,politics
362,1.53,0.36,ambiguous
363,5.07,50.08,politics
364,52.27,3.89,public health
365,1.49,9.39,ambiguous
366,70.53,7.93,public health
367,0.34,8.32,ambiguous
368,98.68,0.22,public health
369,3.83,94.3,politics
370,36.61,1.28,ambiguous
371,35.64,13.31,ambiguous
372,0.6,1.22,ambiguous
373,2.3,11.22,ambiguous
374,20.88,24.65,ambiguous
375,0.52,97.99,politics
376,86.0,11.56,public health
377,59.27,5.22,public health
378,98.61,72.73,public health
379,0.14,8.53,ambiguous
380,31.98,34.21,ambiguous
381,99.35,90.21,public health
382,22.25,38.29,ambiguous
383,87.37,0.69,public health
384,97.47,33.04,public health
385,96.88,2.03,public health
386,97.84,39.84,public health
387,52.95,37.47,public health
388,27.12,28.28,ambiguous
389,3.61,33.52,ambiguous
390,3.42,95.99,politics
391,53.53,4.2,public health
392,16.97,2.08,ambiguous
393,5.97,3.67,ambiguous
394,29.87,98.2,politics
395,17.07,0.74,ambiguous
396,3.53,37.44,ambiguous
397,4.43,0.18,ambiguous
398,21.14,23.53,ambiguous
399,95.25,2.65,public health
400,12.0,18.61,ambiguous
401,96.84,58.13,public health
402,16.54,17.36,ambiguous
403,39.34,30.82,ambiguous
404,25.58,99.69,politics
405,86.24,3.6,public health
406,18.03,28.68,ambiguous
407,93.53,3.73,public health
408,94.68,2.14,public health
409,10.84,14.43,ambiguous
410,99.69,9.91,public health
411,5.01,12.59,ambiguous
412,4.95,9.08,ambiguous
413,82.36,23.93,public health
414,1.54,29.09,ambiguous
415,65.82,33.34,public health
416,1.04,61.46,politics
417,17.81,22.65,ambiguous
418,97.59,1.87,public health
419,5.65,0.82,ambiguous
420,66.4,9.42,public health
421,62.88,41.81,public health
422,61.38,99.7,politics
423,96.66,94.27,public health
424,0.84,0.2,ambiguous
425,6.27,17.61,ambiguous
426,98.39,2.55,public health
427,96.81,97.69,politics
428,0.38,0.25,ambiguous
429,88.13,23.06,public health
430,0.52,0.25,ambiguous
431,82.15,7.24,public health
432,9.34,83.96,politics
433,12.49,50.11,politics
434,19.24,24.62,ambiguous
435,99.03,98.59,public health
436,66.67,92.68,politics
437,28.4,71.85,politics
438,10.9,48.03,ambiguous
439,1.53,17.91,ambiguous
440,97.63,23.68,public health
441,2.41,11.84,ambiguous
442,1.01,1.16,ambiguous
443,14.97,42.83,ambiguous
444,97.73,4.1,public health
445,17.23,36.94,ambiguous
446,54.49,11.25,public health
447,92.47,11.41,public health
448,58.97,0.43,public health
449,98.96,1.89,public health
450,24.15,21.71,ambiguous
451,20.16,28.36,ambiguous
452,95.8,92.22,public health
453,24.5,42.37,ambiguous
454,57.37,0.68,public health
455,34.08,13.26,ambiguous
456,87.07,13.04,public health
457,9.32,36.38,ambiguous
458,96.82,0.38,public health
459,98.63,74.48,public health
460,11.0,4.2,ambiguous
461,87.97,3.65,public health
462,60.43,1.4,public health
463,44.16,8.72,ambiguous
464,12.27,34.06,ambiguous
465,16.92,19.99,ambiguous
466,36.83,43.18,ambiguous
467,19.3,21.27,ambiguous
468,99.84,17.55,public health
469,62.14,0.23,public health
470,89.48,99.15,politics
471,98.17,99.51,politics
472,86.15,0.34,public health
473,0.42,96.71,politics
474,96.51,2.16,public health
475,91.52,0.32,public health
476,0.66,9.16,ambiguous
477,39.03,2.65,ambiguous
478,17.37,36.36,ambiguous
479,16.43,53.84,politics
480,19.38,79.02,politics
481,31.98,34.21,ambiguous
482,19.52,29.14,ambiguous
483,99.59,0.5,public health
484,90.81,27.15,public health
485,26.84,44.43,ambiguous
486,99.18,0.36,public health
487,15.5,99.48,politics
488,10.36,1.61,ambiguous
489,86.73,1.1,public health
490,16.92,19.99,ambiguous
491,0.4,0.18,ambiguous
492,98.86,39.62,public health
493,71.94,23.13,public health
494,32.3,86.3,politics
495,38.94,97.43,politics
496,18.51,11.94,ambiguous
497,51.45,4.2,public health
498,44.64,9.94,ambiguous
499,0.29,0.47,ambiguous
500,1.16,75.29,politics
501,2.72,12.62,ambiguous
502,82.09,23.44,public health
503,94.79,6.36,public health
504,97.68,8.23,public health
505,0.31,6.28,ambiguous
506,1.15,99.59,politics
507,14.0,6.57,ambiguous
508,26.46,1.12,ambiguous
509,93.11,2.17,public health
510,27.31,46.06,ambiguous
511,14.73,10.31,ambiguous
512,11.81,22.87,ambiguous
513,27.75,66.97,politics
514,23.14,27.89,ambiguous
515,0.51,71.66,politics
516,92.55,27.99,public health
517,30.83,17.08,ambiguous
518,1.91,0.05,ambiguous
519,0.52,5.29,ambiguous
520,51.28,76.74,politics
521,31.98,34.21,ambiguous
522,75.72,3.91,public health
523,63.88,0.07,public health
524,21.98,24.47,ambiguous
525,94.39,80.69,public health
526,48.9,46.21,ambiguous
527,91.78,89.4,public health
528,95.25,0.24,public health
529,26.9,1.29,ambiguous
530,30.12,25.87,ambiguous
531,91.03,5.42,public health
532,10.7,71.2,politics
533,97.29,1.5,public health
534,43.47,0.34,ambiguous
535,41.78,98.07,politics
536,97.53,0.79,public health
537,76.77,7.35,public health
538,3.82,1.74,ambiguous
539,97.1,77.61,public health
540,41.24,5.99,ambiguous
541,5.13,30.25,ambiguous
542,2.03,0.74,ambiguous
543,68.29,12.43,public health
544,94.21,50.72,public health
545,3.26,92.68,politics
546,87.14,59.26,public health
547,79.94,26.64,public health
548,11.92,7.48,ambiguous
549,25.7,55.26,politics
550,3.42,96.13,politics
551,79.41,98.94,politics
552,3.95,20.8,ambiguous
553,0.53,98.52,politics
554,18.25,39.33,ambiguous
555,6.05,28.51,ambiguous
556,82.66,1.31,public health
557,0.18,0.5,ambiguous
558,51.2,86.62,politics
559,80.95,3.59,public health
560,0.23,95.58,politics
561,48.59,4.05,ambiguous
562,93.93,0.5,public health
563,67.51,10.23,public health
564,95.56,0.46,public health
565,10.99,8.67,ambiguous
566,3.97,64.64,politics
567,6.9,99.65,politics
568,17.78,74.41,politics
569,1.9,0.2,ambiguous
570,69.73,1.61,public health
571,7.22,38.24,ambiguous
572,36.97,2.97,ambiguous
573,97.91,99.52,politics
574,99.52,0.95,public health
575,10.08,19.16,ambiguous
576,13.4,12.83,ambiguous
577,0.47,0.55,ambiguous
578,11.86,40.19,ambiguous
579,95.44,13.66,public health
580,88.98,79.68,public health
581,48.94,97.37,politics
582,84.5,33.39,public health
583,91.61,18.95,public health
584,64.47,25.3,public health
585,74.98,36.84,public health
586,78.17,0.23,public health
587,52.56,76.22,politics
588,95.83,7.76,public health
589,4.08,0.24,ambiguous
590,3.06,1.64,ambiguous
591,30.7,31.19,ambiguous
592,25.23,19.95,ambiguous
593,50.47,26.89,public health
594,21.47,61.71,politics
595,68.51,13.07,public health
596,19.65,24.5,ambiguous
597,97.56,9.95,public health
598,90.26,0.49,public health
599,0.43,0.09,ambiguous
600,98.09,93.42,public health
601,0.82,0.5,ambiguous
602,0.66,99.04,politics
603,90.09,93.81,politics
604,21.3,57.73,politics
605,2.27,5.48,ambiguous
606,20.06,20.75,ambiguous
607,40.36,42.48,ambiguous
608,76.55,0.52,public health
609,16.08,19.24,ambiguous
610,2.06,91.21,politics
611,4.44,93.78,politics
612,32.12,99.44,politics
613,58.35,7.59,public health
614,7.39,7.37,ambiguous
615,99.23,4.86,public health
616,71.4,26.07,public health
617,52.98,9.43,public health
618,0.1,0.1,ambiguous
619,98.76,6.4,public health
620,2.23,4.31,ambiguous
621,16.17,68.85,politics
622,31.98,34.21,ambiguous
623,0.48,75.3,politics
624,80.24,84.19,politics
625,97.77,22.73,public health
626,96.89,1.72,public health
627,9.77,10.52,ambiguous
628,15.09,57.75,politics
629,32.05,96.26,politics
630,1.56,1.21,ambiguous
631,1.62,2.19,ambiguous
632,31.98,34.21,ambiguous
633,95.86,94.13,public health
634,4.76,12.3,ambiguous
635,31.98,34.21,ambiguous
636,0.68,97.62,politics
637,66.2,39.14,public health
638,65.19,0.12,public health
639,31.35,46.94,ambiguous
640,72.95,66.24,public health
641,50.72,1.21,public health
642,0.73,1.29,ambiguous
643,14.62,22.53,ambiguous
644,44.94,3.91,ambiguous
645,3.74,30.52,ambiguous
646,13.29,67.37,politics
647,33.22,88.23,politics
648,29.67,10.44,ambiguous
649,21.74,22.0,ambiguous
650,31.98,34.21,ambiguous
651,96.15,3.18,public health
652,30.44,57.19,politics
653,24.13,19.12,ambiguous
654,13.26,99.44,politics
655,0.42,0.81,ambiguous
656,2.63,99.48,politics
657,85.9,13.01,public health
658,60.76,33.46,public health
659,44.35,94.96,politics
660,97.19,0.2,public health
661,96.14,0.82,public health
662,13.31,17.77,ambiguous
663,0.7,1.82,ambiguous
664,19.98,25.12,ambiguous
665,7.35,13.5,ambiguous
666,12.94,29.35,ambiguous
667,96.52,1.14,public health
668,14.06,99.45,politics
669,8.09,98.87,politics
670,97.06,0.27,public health
671,98.07,6.35,public health
672,9.3,0.22,ambiguous
673,1.26,2.67,ambiguous
674,0.26,0.68,ambiguous
675,17.39,98.22,politics
676,20.85,26.22,ambiguous
677,26.96,16.34,ambiguous
678,14.28,53.61,politics
679,19.66,23.27,ambiguous
680,98.62,23.35,public health
681,93.62,22.85,public health
682,13.55,0.43,ambiguous
683,2.65,99.92,politics
684,28.54,32.64,ambiguous
685,96.87,1.52,public health
686,7.71,12.4,ambiguous
687,77.77,0.3,public health
688,22.14,24.61,ambiguous
689,2.7,7.37,ambiguous
690,86.64,2.52,public health
691,97.87,35.75,public health
692,21.34,17.06,ambiguous
693,71.1,26.56,public health
694,4.31,2.49,ambiguous
695,35.49,31.78,ambiguous
696,68.92,0.46,public health
697,91.09,0.61,public health
698,9.84,96.65,politics
699,16.07,17.69,ambiguous
700,84.75,29.55,public health
701,2.7,6.76,ambiguous
702,80.76,4.4,public health
703,97.05,0.43,public health
704,0.13,0.11,ambiguous
705,39.02,13.79,ambiguous
706,3.23,5.69,ambiguous
707,16.92,19.99,ambiguous
708,96.68,1.34,public health
709,63.89,96.44,politics
710,37.53,37.25,ambiguous
711,91.76,4.87,public health
712,12.11,30.4,ambiguous
713,17.76,0.94,ambiguous
714,34.03,3.72,ambiguous
715,10.5,18.08,ambiguous
716,9.35,0.73,ambiguous
717,90.26,0.75,public health
718,99.34,14.38,public health
719,14.25,8.53,ambiguous
720,31.33,12.59,ambiguous
721,60.58,1.46,public health
722,4.83,99.68,politics
723,95.18,7.78,public health
724,51.79,0.18,public health
725,63.94,10.42,public health
726,89.0,0.15,public health
727,1.59,9.56,ambiguous
728,8.79,20.63,ambiguous
729,88.97,0.73,public health
730,0.16,0.03,ambiguous
731,20.06,41.16,ambiguous
732,13.0,1.32,ambiguous
733,99.53,29.37,public health
734,3.58,2.58,ambiguous
735,0.08,99.68,politics
736,97.53,7.9,public health
737,96.68,0.24,public health
738,98.49,1.04,public health
739,29.85,36.66,ambiguous
740,1.94,99.66,politics
741,12.15,26.25,ambiguous
742,87.71,2.92,public health
743,13.76,11.18,ambiguous
744,23.03,40.07,ambiguous
745,0.24,0.14,ambiguous
746,72.56,50.64,public health
747,1.68,14.82,ambiguous
748,58.2,9.79,public health
749,7.01,98.3,politics
750,51.21,12.04,public health
751,1.16,97.5,politics
752,73.92,0.32,public health
753,99.42,49.17,public health
754,99.01,96.8,public health
755,0.61,96.27,politics
756,84.39,0.42,public health
757,91.32,0.31,public health
758,87.3,2.75,public health
759,48.04,4.91,ambiguous
760,15.0,37.94,ambiguous
761,75.7,3.32,public health
762,17.1,24.37,ambiguous
763,64.74,7.46,public health
764,22.32,55.86,politics
765,41.55,34.49,ambiguous
766,94.37,7.9,public health
767,96.97,7.63,public health
768,15.37,9.16,ambiguous
769,78.26,10.6,public health
770,9.78,1.63,ambiguous
771,6.76,4.0,ambiguous
772,94.43,89.02,public health
773,1.17,99.64,politics
774,0.91,28.68,ambiguous
775,63.44,50.93,public health
776,29.63,1.63,ambiguous
777,19.88,0.62,ambiguous
778,47.98,14.4,ambiguous
779,17.52,37.94,ambiguous
780,0.28,0.31,ambiguous
781,13.9,91.39,politics
782,49.21,33.5,ambiguous
783,10.71,1.46,ambiguous
784,4.98,0.43,ambiguous
785,19.35,25.73,ambiguous
786,10.21,3.12,ambiguous
787,74.35,29.29,public health
788,5.05,90.92,politics
789,12.51,25.05,ambiguous
790,97.54,1.38,public health
791,12.02,54.3,politics
792,97.7,41.42,public health
793,17.63,96.97,politics
794,97.62,19.24,public health
795,1.73,5.4,ambiguous
796,97.86,8.58,public health
797,0.67,4.35,ambiguous
798,0.9,98.57,politics
799,72.33,1.71,public health
800,83.18,56.08,public health
801,19.99,9.27,ambiguous
802,99.66,0.96,public health
803,18.5,28.81,ambiguous
804,16.92,19.99,ambiguous
805,36.61,4.89,ambiguous
806,56.72,2.6,public health
807,97.37,6.38,public health
808,0.4,1.04,ambiguous
809,31.98,34.21,ambiguous
810,1.77,6.85,ambiguous
811,54.78,97.21,politics
812,0.28,5.57,ambiguous
813,16.4,7.21,ambiguous
814,2.51,45.11,ambiguous
815,92.29,99.27,politics
816,91.48,20.48,public health
817,16.33,24.5,ambiguous
818,0.58,8.57,ambiguous
819,19.53,99.07,politics
820,56.15,74.42,politics
821,37.39,0.74,ambiguous
822,56.44,97.84,politics
823,31.21,0.88,ambiguous
824,99.2,15.71,public health
825,15.14,28.05,ambiguous
826,86.89,2.55,public health
827,19.44,10.55,ambiguous
828,0.79,98.33,politics
829,14.22,32.36,ambiguous
830,47.44,32.8,ambiguous
831,21.36,0.42,ambiguous
832,90.97,81.9,public health
833,0.65,99.64,politics
834,93.06,0.12,public health
835,66.77,3.46,public health
836,97.21,97.63,politics
837,54.0,1.0,public health
838,4.89,13.09,ambiguous
839,91.79,38.54,public health
840,69.39,0.37,public health
841,87.82,0.51,public health
842,90.84,0.32,public health
843,94.49,2.29,public health
844,13.19,99.2,politics
845,96.0,62.34,public health
846,32.1,30.51,ambiguous
847,19.76,0.4,ambiguous
848,12.17,85.12,politics
849,16.92,19.99,ambiguous
850,2.63,23.7,ambiguous
851,62.67,42.26,public health
852,16.95,12.88,ambiguous
853,56.52,20.11,public health
854,2.38,0.69,ambiguous
855,31.98,34.21,ambiguous
856,98.07,79.01,public health
857,96.31,18.35,public health
858,57.13,47.98,public health
859,56.72,73.87,politics
860,0.21,12.59,ambiguous
861,24.66,96.32,politics
862,3.19,9.85,ambiguous
863,0.23,90.42,politics
864,0.55,98.85,politics
865,17.93,7.77,ambiguous
866,1.39,99.3,politics
867,21.67,1.04,ambiguous
868,50.53,1.81,public health
869,19.01,12.89,ambiguous
870,99.58,0.36,public health
871,7.57,17.61,ambiguous
872,2.94,9.68,ambiguous
873,13.01,2.94,ambiguous
874,6.85,99.32,politics
875,10.5,0.84,ambiguous
876,61.62,98.91,politics
877,97.38,7.9,public health
878,14.33,11.62,ambiguous
879,60.62,2.42,public health
880,10.44,1.49,ambiguous
881,18.52,77.29,politics
882,87.74,0.33,public health
883,31.98,34.21,ambiguous
884,1.17,7.85,ambiguous
885,98.67,11.11,public health
886,4.34,0.17,ambiguous
887,9.32,36.21,ambiguous
888,13.8,99.43,politics
889,8.59,88.19,politics
890,12.92,95.36,politics
891,98.97,34.23,public health
892,88.9,8.72,public health
893,4.66,0.41,ambiguous
894,47.43,0.31,ambiguous
895,78.24,37.37,public health
896,0.32,0.87,ambiguous
897,95.62,0.64,public health
898,93.94,4.74,public health
899,97.26,0.22,public health
900,91.67,21.06,public health
901,85.43,88.29,politics
902,66.25,3.23,public health
903,98.42,99.67,politics
904,39.85,56.26,politics
905,11.28,14.19,ambiguous
906,93.67,55.62,public health
907,6.32,25.23,ambiguous
908,99.12,4.45,public health
909,99.86,8.32,public health
910,0.6,0.15,ambiguous
911,60.55,56.83,public health
912,91.18,0.56,public health
913,4.55,1.28,ambiguous
914,0.12,2.51,ambiguous
915,20.49,96.03,politics
916,9.36,37.87,ambiguous
917,48.31,8.32,ambiguous
918,99.26,83.81,public health
919,82.63,97.06,politics
920,31.98,34.21,ambiguous
921,22.11,23.81,ambiguous
922,46.44,10.7,ambiguous
923,16.63,23.57,ambiguous
924,10.56,99.31,politics
925,0.38,4.19,ambiguous
926,86.65,5.2,public health
927,14.95,99.67,politics
928,73.06,3.16,public health
929,4.04,97.79,politics
930,81.01,37.12,public health
931,96.31,66.7,public health
932,35.22,30.39,ambiguous
933,78.94,39.17,public health
934,64.41,55.79,public health
935,14.21,83.44,politics
936,0.13,0.46,ambiguous
937,96.04,4.07,public health
938,10.07,11.61,ambiguous
939,95.09,0.85,public health
940,73.28,27.98,public health
941,97.71,4.91,public health
942,0.39,0.35,ambiguous
943,97.57,0.55,public health
944,2.59,20.15,ambiguous
945,45.61,12.19,ambiguous
946,34.2,0.1,ambiguous
947,1.04,61.18,politics
948,0.19,3.72,ambiguous
949,16.75,47.85,ambiguous
950,96.55,74.3,public health
951,13.11,35.02,ambiguous
952,11.59,6.14,ambiguous
953,0.41,52.16,politics
954,63.5,19.17,public health
955,31.98,34.21,ambiguous
956,96.95,75.21,public health
957,95.69,22.04,public health
958,12.43,1.77,ambiguous
959,2.13,35.31,ambiguous
960,91.67,1.82,public health
961,65.53,8.18,public health
962,0.8,37.83,ambiguous
963,74.52,0.64,public health
964,75.8,14.72,public health
965,16.92,19.99,ambiguous
966,90.43,22.87,public health
967,75.55,1.84,public health
968,4.64,23.32,ambiguous
969,7.33,4.51,ambiguous
970,83.62,19.25,public health
971,2.9,98.59,politics
972,7.85,0.53,ambiguous
973,31.98,34.21,ambiguous
974,69.09,48.12,public health
975,20.31,97.63,politics
976,95.93,0.1,public health
977,0.53,13.25,ambiguous
978,97.07,1.2,public health
979,99.85,99.36,public health
980,94.0,16.32,public health
981,11.44,16.73,ambiguous
982,97.26,1.39,public health
983,97.41,0.63,public health
984,1.61,3.55,ambiguous
985,1.62,98.15,politics
986,21.95,41.38,ambiguous
987,1.11,99.61,politics
988,94.2,17.25,public health
989,21.45,94.64,politics
990,59.19,94.73,politics
991,46.6,3.55,ambiguous
992,9.09,1.58,ambiguous
993,38.43,70.88,politics
994,19.67,25.35,ambiguous
995,3.79,10.89,ambiguous
996,12.17,45.58,ambiguous
997,0.22,71.41,politics
998,16.63,56.3,politics
999,38.93,43.96,ambiguous
