,Public_Health_score,Politics_score,Predicted_Label
0,3.87,0.15,ambiguous
1,21.99,20.05,ambiguous
2,15.42,53.97,politics
3,25.42,1.33,ambiguous
4,17.2,77.42,politics
5,78.82,92.42,politics
6,26.79,0.93,ambiguous
7,5.48,15.61,ambiguous
8,99.41,0.57,public health
9,1.46,39.07,ambiguous
10,0.28,0.79,ambiguous
11,5.11,6.87,ambiguous
12,98.75,0.33,public health
13,16.0,21.64,ambiguous
14,5.92,5.07,ambiguous
15,83.06,2.65,public health
16,97.45,83.01,public health
17,0.23,2.06,ambiguous
18,68.69,3.24,public health
19,0.05,86.85,politics
20,93.76,58.0,public health
21,27.86,7.77,ambiguous
22,16.78,13.13,ambiguous
23,54.57,0.21,public health
24,97.88,3.61,public health
25,85.77,2.12,public health
26,96.32,2.19,public health
27,0.54,0.81,ambiguous
28,73.79,10.38,public health
29,86.57,8.11,public health
30,3.38,0.19,ambiguous
31,71.93,0.49,public health
32,1.85,98.07,politics
33,0.18,6.85,ambiguous
34,36.77,0.61,ambiguous
35,0.58,0.82,ambiguous
36,1.66,4.8,ambiguous
37,51.13,6.02,public health
38,66.26,38.64,public health
39,58.59,2.08,public health
40,98.61,0.89,public health
41,75.6,95.72,politics
42,6.41,4.59,ambiguous
43,96.64,0.6,public health
44,35.54,4.25,ambiguous
45,4.03,10.6,ambiguous
46,85.83,15.89,public health
47,4.88,16.15,ambiguous
48,11.21,5.13,ambiguous
49,63.83,0.57,public health
50,24.59,0.11,ambiguous
51,1.33,0.18,ambiguous
52,69.42,53.58,public health
53,0.32,13.32,ambiguous
54,48.4,78.71,politics
55,63.93,0.1,public health
56,94.46,98.56,politics
57,39.28,14.71,ambiguous
58,28.86,34.61,ambiguous
59,0.99,3.83,ambiguous
60,12.15,14.56,ambiguous
61,10.39,4.13,ambiguous
62,99.06,0.41,public health
63,92.18,34.43,public health
64,5.52,0.04,ambiguous
65,11.32,94.65,politics
66,90.6,4.67,public health
67,40.09,88.81,politics
68,3.52,3.69,ambiguous
69,5.9,8.77,ambiguous
70,0.11,0.19,ambiguous
71,20.57,22.79,ambiguous
72,0.55,4.55,ambiguous
73,38.06,8.21,ambiguous
74,71.45,3.36,public health
75,5.49,20.79,ambiguous
76,90.81,1.1,public health
77,67.87,43.93,public health
78,72.97,95.9,politics
79,99.27,0.18,public health
80,22.3,8.64,ambiguous
81,80.88,0.14,public health
82,0.58,3.15,ambiguous
83,2.28,2.1,ambiguous
84,6.75,0.15,ambiguous
85,0.89,0.6,ambiguous
86,0.68,4.38,ambiguous
87,18.95,95.7,politics
88,16.39,4.56,ambiguous
89,65.83,27.27,public health
90,97.7,24.14,public health
91,72.63,90.06,politics
92,5.9,75.13,politics
93,9.74,13.43,ambiguous
94,0.2,96.99,politics
95,88.49,97.93,politics
96,95.59,0.15,public health
97,17.02,85.17,politics
98,1.52,78.49,politics
99,0.42,3.75,ambiguous
100,25.94,5.22,ambiguous
101,79.25,97.24,politics
102,90.29,6.34,public health
103,0.74,1.82,ambiguous
104,0.11,99.15,politics
105,0.68,4.65,ambiguous
106,59.35,2.32,public health
107,95.15,0.91,public health
108,15.45,6.52,ambiguous
109,11.98,7.44,ambiguous
110,9.84,4.8,ambiguous
111,59.64,0.12,public health
112,9.98,6.01,ambiguous
113,15.22,21.22,ambiguous
114,94.73,4.09,public health
115,25.57,7.11,ambiguous
116,0.83,20.75,ambiguous
117,1.94,1.66,ambiguous
118,0.19,0.32,ambiguous
119,0.29,0.4,ambiguous
120,52.4,89.82,politics
121,3.71,62.21,politics
122,99.73,5.42,public health
123,0.16,0.22,ambiguous
124,0.76,92.74,politics
125,98.02,0.4,public health
126,1.77,98.3,politics
127,50.33,27.9,public health
128,98.23,80.26,public health
129,6.14,5.97,ambiguous
130,90.82,22.39,public health
131,1.14,86.71,politics
132,0.05,68.24,politics
133,6.36,29.28,ambiguous
134,82.97,0.42,public health
135,43.25,66.17,politics
136,97.56,0.5,public health
137,1.18,4.83,ambiguous
138,61.65,14.76,public health
139,0.01,76.02,politics
140,4.05,41.43,ambiguous
141,15.17,2.06,ambiguous
142,97.37,6.15,public health
143,40.31,5.69,ambiguous
144,93.64,80.86,public health
145,21.07,14.25,ambiguous
146,89.32,6.32,public health
147,57.35,1.79,public health
148,5.07,25.17,ambiguous
149,95.46,88.3,public health
150,1.11,80.28,politics
151,63.31,3.69,public health
152,4.14,0.1,ambiguous
153,13.68,16.84,ambiguous
154,98.67,0.27,public health
155,14.94,39.98,ambiguous
156,94.92,48.04,public health
157,4.01,97.71,politics
158,80.26,0.37,public health
159,0.11,0.22,ambiguous
160,73.63,3.13,public health
161,7.34,67.02,politics
162,0.02,0.11,ambiguous
163,17.61,6.3,ambiguous
164,30.48,61.7,politics
165,9.13,0.11,ambiguous
166,0.62,95.05,politics
167,98.3,0.06,public health
168,96.84,0.26,public health
169,99.03,0.69,public health
170,0.21,95.18,politics
171,0.61,0.58,ambiguous
172,1.07,0.73,ambiguous
173,10.03,44.17,ambiguous
174,22.59,22.81,ambiguous
175,96.58,78.94,public health
176,1.39,1.49,ambiguous
177,99.43,18.87,public health
178,1.4,85.71,politics
179,37.64,85.55,politics
180,0.14,95.83,politics
181,0.22,0.1,ambiguous
182,66.57,34.71,public health
183,0.03,82.89,politics
184,0.63,4.08,ambiguous
185,5.79,95.48,politics
186,89.33,76.18,public health
187,0.1,0.48,ambiguous
188,30.62,32.52,ambiguous
189,1.33,35.97,ambiguous
190,42.86,46.74,ambiguous
191,66.1,0.22,public health
192,11.5,24.68,ambiguous
193,34.85,0.33,ambiguous
194,63.56,0.77,public health
195,98.51,0.21,public health
196,2.72,7.69,ambiguous
197,92.54,1.94,public health
198,0.04,0.72,ambiguous
199,54.22,48.55,public health
200,0.94,2.56,ambiguous
201,2.26,0.02,ambiguous
202,2.0,0.51,ambiguous
203,99.37,19.45,public health
204,3.48,0.79,ambiguous
205,1.78,0.68,ambiguous
206,1.42,1.8,ambiguous
207,99.91,99.33,public health
208,89.56,1.24,public health
209,52.33,4.92,public health
210,99.27,75.28,public health
211,13.41,9.85,ambiguous
212,25.34,11.54,ambiguous
213,28.4,5.13,ambiguous
214,37.43,0.19,ambiguous
215,83.41,1.29,public health
216,23.63,2.62,ambiguous
217,0.3,0.59,ambiguous
218,95.45,71.18,public health
219,71.87,0.83,public health
220,98.1,77.06,public health
221,33.1,99.13,politics
222,8.67,20.87,ambiguous
223,2.18,7.34,ambiguous
224,0.29,0.06,ambiguous
225,92.17,0.12,public health
226,27.38,0.41,ambiguous
227,93.36,22.7,public health
228,7.15,4.54,ambiguous
229,92.28,55.53,public health
230,3.85,20.85,ambiguous
231,24.09,0.3,ambiguous
232,0.41,2.7,ambiguous
233,53.6,1.6,public health
234,94.41,1.49,public health
235,95.52,0.67,public health
236,11.4,0.17,ambiguous
237,7.01,4.42,ambiguous
238,96.45,0.14,public health
239,6.08,43.0,ambiguous
240,98.25,83.26,public health
241,99.12,19.56,public health
242,77.89,22.23,public health
243,5.53,0.25,ambiguous
244,22.31,0.22,ambiguous
245,9.64,10.31,ambiguous
246,43.24,9.59,ambiguous
247,90.28,4.11,public health
248,14.73,2.84,ambiguous
249,73.69,20.08,public health
250,25.12,0.14,ambiguous
251,7.37,2.67,ambiguous
252,43.45,0.21,ambiguous
253,1.69,66.69,politics
254,98.61,62.0,public health
255,12.91,16.01,ambiguous
256,19.82,1.51,ambiguous
257,42.37,6.77,ambiguous
258,29.75,0.8,ambiguous
259,3.84,0.3,ambiguous
260,71.04,0.65,public health
261,85.79,15.47,public health
262,30.62,96.7,politics
263,0.25,33.17,ambiguous
264,1.76,0.12,ambiguous
265,13.88,8.89,ambiguous
266,13.21,7.42,ambiguous
267,41.78,6.19,ambiguous
268,9.77,3.25,ambiguous
269,92.12,2.54,public health
270,1.11,0.41,ambiguous
271,29.75,19.96,ambiguous
272,35.48,73.03,politics
273,6.73,0.32,ambiguous
274,68.06,89.41,politics
275,0.43,0.09,ambiguous
276,68.08,0.08,public health
277,6.86,11.91,ambiguous
278,1.31,98.88,politics
279,0.04,0.18,ambiguous
280,36.5,0.25,ambiguous
281,0.27,3.31,ambiguous
282,36.19,8.09,ambiguous
283,0.15,0.25,ambiguous
284,0.07,0.07,ambiguous
285,91.2,4.18,public health
286,71.85,95.69,politics
287,96.32,16.45,public health
288,45.69,2.23,ambiguous
289,13.02,15.12,ambiguous
290,99.51,52.48,public health
291,5.49,2.86,ambiguous
292,0.07,0.08,ambiguous
293,10.15,0.38,ambiguous
294,64.65,83.97,politics
295,2.86,12.71,ambiguous
296,67.21,10.74,public health
297,8.28,9.05,ambiguous
298,11.52,67.14,politics
299,82.3,0.81,public health
300,18.68,0.57,ambiguous
301,24.33,7.37,ambiguous
302,95.11,6.54,public health
303,1.78,8.07,ambiguous
304,0.71,6.27,ambiguous
305,18.33,0.6,ambiguous
306,20.36,5.85,ambiguous
307,25.52,45.99,ambiguous
308,25.15,37.66,ambiguous
309,32.87,36.27,ambiguous
310,99.87,0.85,public health
311,96.99,78.16,public health
312,0.1,92.67,politics
313,8.0,0.91,ambiguous
314,0.1,0.37,ambiguous
315,99.08,58.05,public health
316,14.37,1.63,ambiguous
317,4.05,0.03,ambiguous
318,0.48,4.17,ambiguous
319,91.0,3.26,public health
320,46.26,64.21,politics
321,6.21,1.95,ambiguous
322,96.88,18.29,public health
323,97.57,28.38,public health
324,8.3,4.42,ambiguous
325,17.9,6.6,ambiguous
326,99.02,0.19,public health
327,12.48,8.16,ambiguous
328,97.86,1.25,public health
329,2.76,6.29,ambiguous
330,58.3,82.92,politics
331,88.6,3.83,public health
332,18.15,0.24,ambiguous
333,92.67,19.79,public health
334,0.15,0.74,ambiguous
335,97.88,0.17,public health
336,3.38,8.01,ambiguous
337,30.53,19.01,ambiguous
338,10.24,0.2,ambiguous
339,0.25,87.97,politics
340,6.33,3.11,ambiguous
341,47.8,92.31,politics
342,8.44,7.94,ambiguous
343,94.73,20.76,public health
344,26.98,1.41,ambiguous
345,0.3,0.67,ambiguous
346,7.15,69.67,politics
347,16.22,20.3,ambiguous
348,0.99,94.58,politics
349,0.2,82.81,politics
350,0.13,0.47,ambiguous
351,1.08,0.64,ambiguous
352,85.16,33.03,public health
353,0.5,97.83,politics
354,0.67,2.9,ambiguous
355,0.04,85.36,politics
356,23.93,1.15,ambiguous
357,93.62,0.91,public health
358,60.4,2.3,public health
359,52.86,58.73,politics
360,4.69,18.43,ambiguous
361,0.44,88.51,politics
362,6.68,0.42,ambiguous
363,9.17,53.55,politics
364,15.2,0.62,ambiguous
365,0.97,3.55,ambiguous
366,63.15,1.14,public health
367,0.08,1.03,ambiguous
368,98.42,0.1,public health
369,1.73,75.45,politics
370,7.19,0.6,ambiguous
371,25.1,1.95,ambiguous
372,1.45,3.2,ambiguous
373,5.56,11.83,ambiguous
374,13.48,10.9,ambiguous
375,0.2,85.01,politics
376,68.07,1.05,public health
377,14.35,1.09,ambiguous
378,98.36,32.21,public health
379,0.53,4.22,ambiguous
380,11.21,5.13,ambiguous
381,99.78,85.42,public health
382,20.38,14.67,ambiguous
383,75.9,0.51,public health
384,93.95,9.91,public health
385,94.31,0.55,public health
386,94.12,27.03,public health
387,47.29,18.31,ambiguous
388,21.61,6.89,ambiguous
389,1.41,23.45,ambiguous
390,0.95,80.08,politics
391,12.86,0.51,ambiguous
392,16.69,2.22,ambiguous
393,0.48,0.1,ambiguous
394,5.49,91.11,politics
395,24.65,0.44,ambiguous
396,0.76,11.34,ambiguous
397,3.77,0.14,ambiguous
398,10.37,5.12,ambiguous
399,90.97,1.86,public health
400,1.51,3.68,ambiguous
401,93.2,21.87,public health
402,1.76,1.62,ambiguous
403,3.53,6.92,ambiguous
404,12.68,98.09,politics
405,83.61,1.44,public health
406,0.77,1.4,ambiguous
407,85.37,0.48,public health
408,88.97,2.3,public health
409,3.98,6.55,ambiguous
410,98.12,1.71,public health
411,0.52,2.4,ambiguous
412,2.04,11.0,ambiguous
413,43.43,10.82,ambiguous
414,0.39,10.88,ambiguous
415,29.6,22.24,ambiguous
416,0.12,51.64,politics
417,8.45,5.68,ambiguous
418,96.99,0.57,public health
419,1.61,0.53,ambiguous
420,24.51,1.66,ambiguous
421,7.58,3.07,ambiguous
422,49.42,99.29,politics
423,74.53,79.5,politics
424,0.93,0.34,ambiguous
425,2.12,9.45,ambiguous
426,59.92,0.66,public health
427,98.9,93.29,public health
428,0.53,0.17,ambiguous
429,89.26,5.49,public health
430,5.5,0.89,ambiguous
431,63.22,2.53,public health
432,1.18,24.86,ambiguous
433,8.59,22.58,ambiguous
434,2.6,3.82,ambiguous
435,99.23,96.2,public health
436,33.84,51.38,politics
437,3.75,52.75,politics
438,11.3,23.52,ambiguous
439,0.34,2.42,ambiguous
440,89.62,3.79,public health
441,1.18,2.49,ambiguous
442,0.57,0.18,ambiguous
443,12.17,8.94,ambiguous
444,96.01,1.85,public health
445,6.9,19.25,ambiguous
446,30.48,2.5,ambiguous
447,80.18,1.64,public health
448,26.03,0.34,ambiguous
449,97.67,0.96,public health
450,10.01,2.96,ambiguous
451,32.35,19.13,ambiguous
452,62.19,29.59,public health
453,44.74,37.25,ambiguous
454,67.21,1.12,public health
455,7.66,1.04,ambiguous
456,92.25,17.34,public health
457,43.14,47.93,ambiguous
458,90.06,0.16,public health
459,95.85,22.41,public health
460,3.74,1.62,ambiguous
461,26.98,0.24,ambiguous
462,42.03,0.41,ambiguous
463,26.36,6.02,ambiguous
464,3.39,7.81,ambiguous
465,5.49,2.86,ambiguous
466,9.61,6.24,ambiguous
467,5.78,4.31,ambiguous
468,98.78,3.3,public health
469,73.3,0.27,public health
470,79.6,87.24,politics
471,97.77,97.58,public health
472,73.09,0.15,public health
473,0.07,49.39,ambiguous
474,83.02,0.37,public health
475,51.36,0.04,public health
476,0.52,3.72,ambiguous
477,43.51,1.95,ambiguous
478,21.14,31.58,ambiguous
479,9.7,47.93,ambiguous
480,6.74,39.87,ambiguous
481,11.21,5.13,ambiguous
482,6.19,4.04,ambiguous
483,99.85,0.46,public health
484,85.03,6.52,public health
485,4.2,11.27,ambiguous
486,74.36,0.13,public health
487,2.49,94.03,politics
488,2.7,0.13,ambiguous
489,35.33,0.17,ambiguous
490,5.49,2.86,ambiguous
491,0.63,0.27,ambiguous
492,99.13,16.27,public health
493,39.55,4.83,ambiguous
494,18.7,70.79,politics
495,66.65,69.2,politics
496,21.32,5.8,ambiguous
497,25.3,1.42,ambiguous
498,8.14,1.95,ambiguous
499,0.18,0.67,ambiguous
500,0.1,27.16,ambiguous
501,1.76,5.78,ambiguous
502,59.39,32.02,public health
503,97.35,6.43,public health
504,91.57,1.45,public health
505,0.19,6.23,ambiguous
506,0.58,96.8,politics
507,9.91,10.39,ambiguous
508,28.76,0.76,ambiguous
509,69.56,0.9,public health
510,32.34,24.74,ambiguous
511,16.72,13.3,ambiguous
512,0.76,1.8,ambiguous
513,32.06,65.81,politics
514,15.79,8.94,ambiguous
515,0.11,15.54,ambiguous
516,61.67,5.44,public health
517,5.3,3.46,ambiguous
518,1.17,0.03,ambiguous
519,0.15,4.49,ambiguous
520,22.16,30.43,ambiguous
521,11.21,5.13,ambiguous
522,54.69,0.54,public health
523,20.45,0.03,ambiguous
524,10.62,8.47,ambiguous
525,72.0,21.73,public health
526,54.53,17.83,public health
527,83.69,86.87,politics
528,98.63,0.21,public health
529,3.36,0.28,ambiguous
530,39.03,11.73,ambiguous
531,85.0,0.75,public health
532,1.09,11.77,ambiguous
533,92.46,0.36,public health
534,18.35,0.21,ambiguous
535,20.47,90.64,politics
536,83.67,0.17,public health
537,70.75,1.82,public health
538,1.08,0.44,ambiguous
539,98.52,78.62,public health
540,36.29,1.15,ambiguous
541,7.6,30.62,ambiguous
542,0.58,0.12,ambiguous
543,76.13,4.66,public health
544,97.66,36.82,public health
545,7.6,79.25,politics
546,53.67,30.51,public health
547,78.28,26.64,public health
548,4.0,4.82,ambiguous
549,22.53,35.16,ambiguous
550,3.44,92.7,politics
551,70.61,93.96,politics
552,0.73,4.64,ambiguous
553,0.16,87.94,politics
554,12.65,54.82,politics
555,0.37,4.18,ambiguous
556,89.14,3.11,public health
557,0.4,2.23,ambiguous
558,62.06,89.16,politics
559,78.77,2.78,public health
560,0.25,77.22,politics
561,54.95,2.16,public health
562,90.2,0.22,public health
563,35.67,1.29,ambiguous
564,81.88,0.33,public health
565,2.01,1.05,ambiguous
566,1.21,18.03,ambiguous
567,2.41,98.39,politics
568,12.52,61.14,politics
569,0.82,0.17,ambiguous
570,40.58,0.65,ambiguous
571,1.97,6.95,ambiguous
572,2.43,0.28,ambiguous
573,98.32,99.65,politics
574,99.55,0.23,public health
575,3.4,10.52,ambiguous
576,8.27,5.05,ambiguous
577,0.3,1.15,ambiguous
578,1.43,8.84,ambiguous
579,93.74,3.19,public health
580,94.19,67.89,public health
581,62.89,90.39,politics
582,62.2,9.12,public health
583,97.69,12.49,public health
584,40.71,3.2,ambiguous
585,77.23,19.91,public health
586,65.42,0.2,public health
587,54.62,59.28,politics
588,31.91,0.17,ambiguous
589,0.08,0.05,ambiguous
590,0.3,0.1,ambiguous
591,9.44,6.01,ambiguous
592,12.68,8.63,ambiguous
593,84.38,26.51,public health
594,5.84,20.81,ambiguous
595,56.77,4.9,public health
596,5.46,4.8,ambiguous
597,98.69,12.38,public health
598,75.4,0.1,public health
599,0.15,0.03,ambiguous
600,91.05,57.84,public health
601,0.71,1.24,ambiguous
602,0.13,94.26,politics
603,56.4,46.95,public health
604,14.51,34.81,ambiguous
605,1.18,2.36,ambiguous
606,4.61,4.53,ambiguous
607,44.99,15.28,ambiguous
608,67.13,0.52,public health
609,7.45,4.87,ambiguous
610,0.55,70.19,politics
611,1.22,79.84,politics
612,28.11,92.5,politics
613,35.2,1.52,ambiguous
614,4.17,2.77,ambiguous
615,98.31,1.31,public health
616,73.82,21.13,public health
617,16.08,1.77,ambiguous
618,0.03,0.04,ambiguous
619,99.19,5.32,public health
620,0.2,0.41,ambiguous
621,6.51,34.27,ambiguous
622,11.21,5.13,ambiguous
623,0.18,54.62,politics
624,21.56,67.38,politics
625,92.27,3.63,public health
626,87.04,1.16,public health
627,1.3,1.08,ambiguous
628,9.4,12.41,ambiguous
629,31.25,95.23,politics
630,1.29,0.31,ambiguous
631,2.49,11.66,ambiguous
632,11.21,5.13,ambiguous
633,91.29,88.11,public health
634,0.4,1.11,ambiguous
635,11.21,5.13,ambiguous
636,0.15,93.07,politics
637,45.36,12.81,ambiguous
638,51.17,0.08,public health
639,6.95,9.17,ambiguous
640,74.08,50.69,public health
641,50.81,2.08,public health
642,3.04,0.44,ambiguous
643,6.32,11.1,ambiguous
644,2.72,0.76,ambiguous
645,0.39,20.78,ambiguous
646,25.4,70.75,politics
647,25.46,49.84,ambiguous
648,11.99,19.6,ambiguous
649,0.56,1.04,ambiguous
650,11.21,5.13,ambiguous
651,76.72,1.88,public health
652,2.27,8.91,ambiguous
653,38.5,15.69,ambiguous
654,9.4,94.9,politics
655,0.07,0.14,ambiguous
656,0.42,92.56,politics
657,75.66,1.77,public health
658,48.27,5.93,ambiguous
659,70.13,80.56,politics
660,93.6,0.09,public health
661,93.32,0.5,public health
662,1.87,1.19,ambiguous
663,0.07,0.16,ambiguous
664,4.86,3.97,ambiguous
665,0.91,1.88,ambiguous
666,1.46,11.37,ambiguous
667,68.43,0.23,public health
668,2.78,96.7,politics
669,5.56,97.69,politics
670,71.1,0.14,public health
671,96.58,6.83,public health
672,1.53,0.07,ambiguous
673,0.82,1.85,ambiguous
674,0.17,1.19,ambiguous
675,5.39,85.22,politics
676,6.22,8.66,ambiguous
677,51.89,12.14,public health
678,1.36,4.76,ambiguous
679,1.03,2.59,ambiguous
680,98.14,4.03,public health
681,82.25,10.09,public health
682,4.92,0.17,ambiguous
683,0.52,99.84,politics
684,20.73,8.48,ambiguous
685,87.5,0.62,public health
686,1.42,2.92,ambiguous
687,54.96,0.18,public health
688,10.58,8.42,ambiguous
689,0.66,1.04,ambiguous
690,57.36,0.33,public health
691,98.78,9.61,public health
692,2.53,1.39,ambiguous
693,63.96,13.93,public health
694,1.82,0.77,ambiguous
695,43.31,22.79,ambiguous
696,29.38,0.15,ambiguous
697,89.38,0.34,public health
698,5.72,76.71,politics
699,27.84,9.28,ambiguous
700,25.23,4.28,ambiguous
701,0.54,1.85,ambiguous
702,73.86,0.39,public health
703,96.85,0.37,public health
704,0.02,0.02,ambiguous
705,22.6,2.37,ambiguous
706,0.59,0.61,ambiguous
707,5.49,2.86,ambiguous
708,98.66,1.39,public health
709,18.61,61.89,politics
710,24.73,14.95,ambiguous
711,61.51,0.6,public health
712,1.24,4.97,ambiguous
713,6.99,0.31,ambiguous
714,59.94,2.76,public health
715,2.19,2.7,ambiguous
716,2.46,0.14,ambiguous
717,85.95,0.56,public health
718,98.56,3.7,public health
719,0.8,0.68,ambiguous
720,54.43,13.72,public health
721,74.27,1.02,public health
722,1.72,98.78,politics
723,76.48,0.4,public health
724,10.04,0.05,ambiguous
725,43.85,6.01,ambiguous
726,73.38,0.11,public health
727,2.42,3.69,ambiguous
728,1.38,1.8,ambiguous
729,41.86,0.27,ambiguous
730,0.09,0.02,ambiguous
731,3.95,13.19,ambiguous
732,1.68,0.69,ambiguous
733,99.58,41.26,public health
734,3.74,0.96,ambiguous
735,0.3,98.31,politics
736,69.21,0.49,public health
737,84.33,0.21,public health
738,97.9,0.9,public health
739,24.24,11.68,ambiguous
740,3.03,98.21,politics
741,2.48,22.32,ambiguous
742,53.94,0.41,public health
743,6.93,2.61,ambiguous
744,3.8,5.63,ambiguous
745,1.79,1.93,ambiguous
746,50.89,17.72,public health
747,0.32,4.48,ambiguous
748,68.75,10.63,public health
749,1.97,93.68,politics
750,45.72,13.61,ambiguous
751,2.47,92.03,politics
752,23.83,0.27,ambiguous
753,99.78,80.02,public health
754,89.11,91.04,politics
755,0.36,91.89,politics
756,77.04,1.14,public health
757,81.34,0.08,public health
758,48.54,0.56,ambiguous
759,26.01,1.56,ambiguous
760,7.37,31.36,ambiguous
761,40.16,0.65,ambiguous
762,11.69,5.02,ambiguous
763,25.83,1.9,ambiguous
764,4.58,3.23,ambiguous
765,12.77,15.53,ambiguous
766,80.88,1.84,public health
767,95.95,2.6,public health
768,5.52,3.0,ambiguous
769,46.39,2.19,ambiguous
770,3.84,0.56,ambiguous
771,1.34,0.95,ambiguous
772,60.1,44.54,public health
773,0.37,98.25,politics
774,0.17,6.4,ambiguous
775,72.46,53.44,public health
776,14.46,1.65,ambiguous
777,40.96,0.6,ambiguous
778,22.8,1.71,ambiguous
779,6.46,14.81,ambiguous
780,0.04,0.1,ambiguous
781,3.39,66.88,politics
782,15.77,3.59,ambiguous
783,21.63,1.08,ambiguous
784,2.37,0.34,ambiguous
785,2.87,5.79,ambiguous
786,0.45,0.15,ambiguous
787,59.83,29.73,public health
788,0.94,59.16,politics
789,4.88,6.67,ambiguous
790,79.69,0.23,public health
791,4.51,51.75,politics
792,96.18,7.74,public health
793,28.71,95.51,politics
794,98.18,16.36,public health
795,0.34,1.05,ambiguous
796,89.83,4.39,public health
797,0.1,1.11,ambiguous
798,1.23,91.87,politics
799,80.32,9.11,public health
800,82.48,80.02,public health
801,9.33,3.03,ambiguous
802,99.74,0.25,public health
803,6.95,8.12,ambiguous
804,5.49,2.86,ambiguous
805,24.86,3.02,ambiguous
806,70.05,6.91,public health
807,95.3,1.21,public health
808,0.13,0.24,ambiguous
809,11.21,5.13,ambiguous
810,4.34,4.65,ambiguous
811,39.92,74.93,politics
812,0.16,2.04,ambiguous
813,1.52,0.87,ambiguous
814,0.69,9.74,ambiguous
815,87.23,93.81,politics
816,95.37,9.33,public health
817,13.67,30.93,ambiguous
818,0.72,3.41,ambiguous
819,7.48,85.18,politics
820,24.62,28.37,ambiguous
821,10.99,0.53,ambiguous
822,8.18,87.87,politics
823,17.73,0.57,ambiguous
824,98.96,12.14,public health
825,15.58,9.58,ambiguous
826,27.09,0.38,ambiguous
827,11.34,5.27,ambiguous
828,0.08,80.34,politics
829,7.14,5.37,ambiguous
830,61.31,15.99,public health
831,22.92,0.09,ambiguous
832,96.96,81.63,public health
833,0.2,94.88,politics
834,90.89,0.06,public health
835,60.44,1.08,public health
836,94.11,88.06,public health
837,32.43,1.08,ambiguous
838,7.05,7.42,ambiguous
839,70.09,13.36,public health
840,78.71,0.53,public health
841,95.85,0.59,public health
842,62.01,0.15,public health
843,67.88,0.3,public health
844,45.49,99.45,politics
845,69.12,4.16,public health
846,19.54,5.9,ambiguous
847,3.12,0.16,ambiguous
848,1.94,21.36,ambiguous
849,5.49,2.86,ambiguous
850,2.63,12.33,ambiguous
851,45.86,32.37,ambiguous
852,24.46,7.45,ambiguous
853,58.9,32.29,public health
854,2.5,1.38,ambiguous
855,11.21,5.13,ambiguous
856,89.3,29.3,public health
857,80.4,7.95,public health
858,75.13,49.18,public health
859,39.74,55.53,politics
860,0.05,2.27,ambiguous
861,13.0,59.63,politics
862,1.66,8.19,ambiguous
863,0.04,12.64,ambiguous
864,1.17,98.36,politics
865,29.26,4.83,ambiguous
866,1.28,86.19,politics
867,8.49,0.72,ambiguous
868,17.36,0.38,ambiguous
869,7.97,2.42,ambiguous
870,99.73,0.24,public health
871,4.2,4.71,ambiguous
872,1.4,2.96,ambiguous
873,8.38,2.66,ambiguous
874,6.85,94.05,politics
875,6.1,1.63,ambiguous
876,17.57,85.98,politics
877,91.1,1.75,public health
878,3.99,6.68,ambiguous
879,35.26,1.05,ambiguous
880,12.62,0.56,ambiguous
881,11.98,35.94,ambiguous
882,85.17,1.24,public health
883,11.21,5.13,ambiguous
884,1.22,2.05,ambiguous
885,98.57,8.37,public health
886,5.04,0.23,ambiguous
887,2.07,10.75,ambiguous
888,27.25,98.46,politics
889,1.01,51.73,politics
890,1.13,39.67,ambiguous
891,99.4,15.71,public health
892,68.89,2.05,public health
893,4.47,0.28,ambiguous
894,24.01,0.15,ambiguous
895,82.64,4.19,public health
896,3.28,2.98,ambiguous
897,90.7,0.26,public health
898,93.11,0.25,public health
899,97.22,0.17,public health
900,86.68,9.93,public health
901,96.29,45.12,public health
902,49.93,1.94,ambiguous
903,98.47,99.31,politics
904,20.34,22.01,ambiguous
905,1.66,2.91,ambiguous
906,85.69,48.81,public health
907,1.65,13.25,ambiguous
908,89.63,2.19,public health
909,97.32,1.33,public health
910,0.08,0.06,ambiguous
911,52.82,25.19,public health
912,96.3,1.01,public health
913,1.5,0.57,ambiguous
914,0.05,1.45,ambiguous
915,5.24,85.12,politics
916,0.94,2.06,ambiguous
917,47.51,1.15,ambiguous
918,98.59,29.22,public health
919,81.65,88.26,politics
920,11.21,5.13,ambiguous
921,18.23,23.53,ambiguous
922,25.45,0.76,ambiguous
923,4.78,4.64,ambiguous
924,24.96,97.76,politics
925,0.15,0.57,ambiguous
926,94.32,18.62,public health
927,15.52,98.71,politics
928,70.48,0.82,public health
929,2.0,94.87,politics
930,45.5,8.94,ambiguous
931,86.51,10.84,public health
932,8.22,2.18,ambiguous
933,46.05,17.62,ambiguous
934,41.27,8.06,ambiguous
935,5.92,68.7,politics
936,0.08,0.4,ambiguous
937,33.71,0.9,ambiguous
938,6.61,6.25,ambiguous
939,92.91,0.63,public health
940,34.09,3.83,ambiguous
941,94.35,0.41,public health
942,0.08,0.08,ambiguous
943,92.52,0.18,public health
944,2.16,9.24,ambiguous
945,26.47,2.9,ambiguous
946,31.9,0.04,ambiguous
947,0.32,18.15,ambiguous
948,0.52,10.07,ambiguous
949,8.03,26.55,ambiguous
950,96.6,55.54,public health
951,14.04,9.41,ambiguous
952,4.4,5.31,ambiguous
953,0.25,9.22,ambiguous
954,55.66,8.9,public health
955,11.21,5.13,ambiguous
956,2.63,1.68,ambiguous
957,69.05,1.82,public health
958,5.22,2.94,ambiguous
959,0.96,7.81,ambiguous
960,83.02,0.66,public health
961,16.1,1.07,ambiguous
962,0.74,11.83,ambiguous
963,42.31,0.33,ambiguous
964,10.16,0.53,ambiguous
965,5.49,2.86,ambiguous
966,91.81,11.7,public health
967,48.94,0.44,ambiguous
968,6.14,20.99,ambiguous
969,12.24,3.92,ambiguous
970,88.51,18.38,public health
971,0.49,96.61,politics
972,3.96,0.14,ambiguous
973,11.21,5.13,ambiguous
974,61.34,18.73,public health
975,23.4,81.71,politics
976,79.98,0.79,public health
977,0.7,8.12,ambiguous
978,91.96,2.25,public health
979,99.54,95.28,public health
980,93.53,5.3,public health
981,0.62,1.7,ambiguous
982,90.71,0.79,public health
983,99.38,0.52,public health
984,0.16,0.3,ambiguous
985,0.41,91.69,politics
986,10.36,9.48,ambiguous
987,0.65,98.85,politics
988,78.06,1.59,public health
989,1.02,34.06,ambiguous
990,59.44,91.17,politics
991,43.87,2.53,ambiguous
992,20.44,1.87,ambiguous
993,8.66,40.88,ambiguous
994,21.03,12.2,ambiguous
995,23.08,12.39,ambiguous
996,10.13,54.25,politics
997,0.08,61.2,politics
998,10.48,27.49,ambiguous
999,14.28,11.1,ambiguous
