,Public_Health_score,Politics_score,Predicted_Label
0,0.48,0.05,ambiguous
1,3.05,5.08,ambiguous
2,8.01,61.35,politics
3,13.86,1.05,ambiguous
4,6.5,49.09,ambiguous
5,2.86,8.34,ambiguous
6,1.05,0.08,ambiguous
7,1.61,8.01,ambiguous
8,91.43,0.06,public health
9,0.29,9.58,ambiguous
10,0.08,1.63,ambiguous
11,0.71,1.92,ambiguous
12,77.03,0.1,public health
13,1.46,1.79,ambiguous
14,0.22,0.22,ambiguous
15,16.23,0.32,ambiguous
16,76.62,61.93,public health
17,0.08,1.07,ambiguous
18,4.16,0.18,ambiguous
19,0.03,80.59,politics
20,14.19,8.66,ambiguous
21,7.21,1.71,ambiguous
22,1.56,1.63,ambiguous
23,6.91,0.04,ambiguous
24,94.52,9.22,public health
25,74.47,1.98,public health
26,63.41,0.97,public health
27,0.09,0.13,ambiguous
28,8.13,1.93,ambiguous
29,64.78,8.0,public health
30,0.4,0.04,ambiguous
31,9.43,0.11,ambiguous
32,0.19,93.02,politics
33,0.05,1.09,ambiguous
34,7.87,0.33,ambiguous
35,0.39,0.53,ambiguous
36,0.29,0.61,ambiguous
37,11.67,2.22,ambiguous
38,9.85,7.82,ambiguous
39,24.56,0.59,ambiguous
40,80.06,0.08,public health
41,15.7,71.95,politics
42,1.32,1.09,ambiguous
43,76.79,0.25,public health
44,1.88,0.46,ambiguous
45,0.06,0.72,ambiguous
46,38.6,4.45,ambiguous
47,1.46,6.78,ambiguous
48,1.6,1.71,ambiguous
49,10.24,0.06,ambiguous
50,1.84,0.02,ambiguous
51,0.19,0.07,ambiguous
52,4.91,6.35,ambiguous
53,0.04,0.64,ambiguous
54,3.33,34.36,ambiguous
55,6.32,0.01,ambiguous
56,36.58,95.49,politics
57,1.53,0.58,ambiguous
58,5.01,8.69,ambiguous
59,0.06,0.24,ambiguous
60,3.34,6.37,ambiguous
61,4.02,1.44,ambiguous
62,94.95,0.65,public health
63,22.95,1.65,ambiguous
64,1.26,0.01,ambiguous
65,1.09,39.07,ambiguous
66,50.83,1.87,public health
67,2.24,32.0,ambiguous
68,0.74,0.87,ambiguous
69,0.46,2.4,ambiguous
70,0.02,0.03,ambiguous
71,1.3,1.09,ambiguous
72,0.13,3.11,ambiguous
73,6.52,2.48,ambiguous
74,9.01,0.25,ambiguous
75,0.3,3.34,ambiguous
76,45.86,0.3,ambiguous
77,31.48,20.4,ambiguous
78,9.72,74.12,politics
79,89.64,0.02,public health
80,11.85,3.64,ambiguous
81,53.78,0.03,public health
82,0.2,0.68,ambiguous
83,0.38,0.23,ambiguous
84,0.76,0.07,ambiguous
85,0.08,0.12,ambiguous
86,0.08,0.57,ambiguous
87,1.96,59.09,politics
88,1.15,0.56,ambiguous
89,10.81,2.87,ambiguous
90,67.9,8.05,public health
91,13.58,51.58,politics
92,0.41,32.65,ambiguous
93,0.75,0.83,ambiguous
94,0.06,87.73,politics
95,34.01,92.02,politics
96,60.3,0.03,public health
97,0.35,8.46,ambiguous
98,0.08,5.73,ambiguous
99,0.08,1.14,ambiguous
100,0.97,0.21,ambiguous
101,10.48,50.36,politics
102,10.91,1.37,ambiguous
103,0.11,0.43,ambiguous
104,0.12,92.28,politics
105,0.32,2.65,ambiguous
106,7.64,0.26,ambiguous
107,73.13,0.28,public health
108,1.3,1.55,ambiguous
109,2.37,3.47,ambiguous
110,1.57,0.52,ambiguous
111,3.91,0.01,ambiguous
112,1.28,1.69,ambiguous
113,6.04,16.3,ambiguous
114,27.08,0.22,ambiguous
115,0.84,0.18,ambiguous
116,0.09,4.28,ambiguous
117,0.32,0.2,ambiguous
118,0.05,0.07,ambiguous
119,0.07,0.04,ambiguous
120,6.36,81.36,politics
121,0.11,2.82,ambiguous
122,90.0,0.46,public health
123,0.16,0.14,ambiguous
124,0.15,85.3,politics
125,89.41,0.07,public health
126,0.15,93.42,politics
127,24.01,14.09,ambiguous
128,79.01,35.5,public health
129,1.3,2.12,ambiguous
130,56.82,9.09,public health
131,0.11,28.3,ambiguous
132,0.01,23.05,ambiguous
133,0.99,5.97,ambiguous
134,12.39,0.02,ambiguous
135,5.04,10.25,ambiguous
136,46.44,0.02,ambiguous
137,0.06,0.23,ambiguous
138,10.63,3.08,ambiguous
139,0.01,41.92,ambiguous
140,0.15,2.37,ambiguous
141,1.28,0.26,ambiguous
142,78.48,1.35,public health
143,8.38,1.83,ambiguous
144,67.2,57.86,public health
145,2.14,2.76,ambiguous
146,42.47,1.52,ambiguous
147,23.0,0.33,ambiguous
148,1.45,7.87,ambiguous
149,58.76,24.29,public health
150,1.5,44.69,ambiguous
151,6.91,0.6,ambiguous
152,0.32,0.02,ambiguous
153,0.35,0.74,ambiguous
154,89.71,0.11,public health
155,0.94,4.42,ambiguous
156,27.71,1.88,ambiguous
157,0.56,96.89,politics
158,5.8,0.03,ambiguous
159,0.02,0.06,ambiguous
160,47.84,2.74,ambiguous
161,0.68,25.76,ambiguous
162,0.01,0.02,ambiguous
163,5.72,1.48,ambiguous
164,3.64,37.51,ambiguous
165,1.14,0.03,ambiguous
166,0.07,84.72,politics
167,74.19,0.02,public health
168,53.7,0.06,public health
169,82.0,0.14,public health
170,0.21,82.85,politics
171,0.25,0.21,ambiguous
172,0.31,0.26,ambiguous
173,1.05,6.71,ambiguous
174,2.58,3.55,ambiguous
175,72.4,46.48,public health
176,0.3,0.31,ambiguous
177,77.0,1.12,public health
178,0.15,60.44,politics
179,4.42,33.07,ambiguous
180,0.05,89.57,politics
181,0.03,0.01,ambiguous
182,25.57,9.81,ambiguous
183,0.01,24.76,ambiguous
184,0.15,1.42,ambiguous
185,1.51,87.72,politics
186,40.2,42.67,ambiguous
187,0.03,0.11,ambiguous
188,1.42,5.13,ambiguous
189,0.54,13.51,ambiguous
190,1.01,1.96,ambiguous
191,23.34,0.03,ambiguous
192,3.16,9.59,ambiguous
193,0.94,0.03,ambiguous
194,7.45,0.06,ambiguous
195,87.64,0.03,public health
196,0.12,0.46,ambiguous
197,68.69,0.52,public health
198,0.01,0.12,ambiguous
199,15.27,17.91,ambiguous
200,0.11,0.26,ambiguous
201,0.99,0.03,ambiguous
202,0.38,0.16,ambiguous
203,72.84,1.07,public health
204,0.53,0.1,ambiguous
205,0.11,0.06,ambiguous
206,0.23,0.29,ambiguous
207,98.32,97.68,public health
208,18.95,0.33,ambiguous
209,4.92,0.46,ambiguous
210,83.76,39.05,public health
211,1.97,2.1,ambiguous
212,1.84,1.27,ambiguous
213,3.18,0.58,ambiguous
214,8.05,0.03,ambiguous
215,28.88,0.34,ambiguous
216,8.75,1.86,ambiguous
217,0.04,0.06,ambiguous
218,46.21,36.26,ambiguous
219,4.35,0.05,ambiguous
220,78.9,42.87,public health
221,2.2,91.67,politics
222,1.98,7.89,ambiguous
223,0.07,0.38,ambiguous
224,0.08,0.02,ambiguous
225,20.05,0.01,ambiguous
226,1.35,0.08,ambiguous
227,60.62,2.23,public health
228,0.66,0.55,ambiguous
229,13.3,3.5,ambiguous
230,0.66,7.1,ambiguous
231,1.56,0.03,ambiguous
232,0.28,0.83,ambiguous
233,8.5,0.13,ambiguous
234,17.78,0.03,ambiguous
235,86.03,0.16,public health
236,0.76,0.05,ambiguous
237,1.68,2.09,ambiguous
238,39.0,0.04,ambiguous
239,0.2,4.74,ambiguous
240,65.82,43.4,public health
241,81.61,1.94,public health
242,13.19,1.8,ambiguous
243,0.73,0.06,ambiguous
244,5.56,0.08,ambiguous
245,0.51,0.51,ambiguous
246,10.19,3.47,ambiguous
247,59.31,2.88,public health
248,3.01,0.65,ambiguous
249,13.13,3.46,ambiguous
250,2.17,0.01,ambiguous
251,1.22,0.59,ambiguous
252,7.75,0.11,ambiguous
253,0.33,27.29,ambiguous
254,56.14,3.97,public health
255,0.63,0.79,ambiguous
256,4.58,0.64,ambiguous
257,3.01,0.46,ambiguous
258,11.69,0.7,ambiguous
259,0.44,0.03,ambiguous
260,8.21,0.12,ambiguous
261,3.0,0.43,ambiguous
262,33.08,96.74,politics
263,0.06,6.77,ambiguous
264,0.32,0.02,ambiguous
265,3.94,2.28,ambiguous
266,1.4,0.47,ambiguous
267,28.25,14.13,ambiguous
268,6.04,2.87,ambiguous
269,54.42,0.16,public health
270,0.21,0.11,ambiguous
271,0.99,0.85,ambiguous
272,10.29,26.61,ambiguous
273,1.12,0.05,ambiguous
274,39.15,82.68,politics
275,0.15,0.05,ambiguous
276,6.63,0.01,ambiguous
277,0.65,0.79,ambiguous
278,0.07,94.0,politics
279,0.02,0.03,ambiguous
280,7.59,0.09,ambiguous
281,0.04,0.16,ambiguous
282,5.62,1.14,ambiguous
283,0.22,0.23,ambiguous
284,0.02,0.01,ambiguous
285,74.19,2.87,public health
286,26.03,89.48,politics
287,56.19,4.47,public health
288,7.17,0.38,ambiguous
289,0.51,0.74,ambiguous
290,89.11,14.77,public health
291,2.04,2.36,ambiguous
292,0.01,0.01,ambiguous
293,2.5,0.12,ambiguous
294,5.52,35.4,ambiguous
295,0.28,1.36,ambiguous
296,3.29,0.58,ambiguous
297,2.15,2.01,ambiguous
298,0.93,31.78,ambiguous
299,21.05,0.37,ambiguous
300,0.64,0.16,ambiguous
301,5.53,1.75,ambiguous
302,27.96,0.36,ambiguous
303,0.18,1.39,ambiguous
304,0.07,0.56,ambiguous
305,2.49,0.06,ambiguous
306,0.97,0.24,ambiguous
307,4.57,10.37,ambiguous
308,1.64,3.92,ambiguous
309,4.08,2.47,ambiguous
310,94.31,0.07,public health
311,66.51,41.23,public health
312,0.01,79.44,politics
313,0.84,0.07,ambiguous
314,0.08,0.11,ambiguous
315,64.09,9.09,public health
316,7.25,0.99,ambiguous
317,3.78,0.05,ambiguous
318,0.14,3.36,ambiguous
319,32.9,0.39,ambiguous
320,5.03,15.63,ambiguous
321,0.34,0.41,ambiguous
322,45.16,2.82,ambiguous
323,58.35,11.45,public health
324,0.24,0.12,ambiguous
325,1.92,2.7,ambiguous
326,92.25,0.07,public health
327,1.14,0.51,ambiguous
328,63.0,0.34,public health
329,0.28,0.86,ambiguous
330,18.96,52.69,politics
331,26.4,0.65,ambiguous
332,2.39,0.05,ambiguous
333,43.64,1.62,ambiguous
334,0.09,0.3,ambiguous
335,64.31,0.07,public health
336,0.42,1.77,ambiguous
337,9.18,10.66,ambiguous
338,0.53,0.03,ambiguous
339,0.03,62.9,politics
340,3.05,1.75,ambiguous
341,1.96,28.95,ambiguous
342,1.51,2.03,ambiguous
343,59.86,7.89,public health
344,3.59,0.28,ambiguous
345,0.03,0.04,ambiguous
346,1.51,24.64,ambiguous
347,1.0,1.53,ambiguous
348,0.44,76.25,politics
349,0.06,60.46,politics
350,0.15,0.25,ambiguous
351,0.71,0.19,ambiguous
352,39.12,5.13,ambiguous
353,0.35,95.55,politics
354,0.06,0.19,ambiguous
355,0.03,50.04,politics
356,0.76,0.08,ambiguous
357,63.62,0.23,public health
358,5.39,0.12,ambiguous
359,1.51,7.25,ambiguous
360,0.32,1.1,ambiguous
361,0.12,66.75,politics
362,0.31,0.07,ambiguous
363,0.73,7.26,ambiguous
364,1.51,0.16,ambiguous
365,0.16,0.28,ambiguous
366,16.02,1.7,ambiguous
367,0.01,0.23,ambiguous
368,90.65,0.02,public health
369,1.86,45.03,ambiguous
370,0.57,0.06,ambiguous
371,1.49,0.44,ambiguous
372,0.14,0.13,ambiguous
373,0.28,0.28,ambiguous
374,2.8,4.54,ambiguous
375,0.09,56.39,politics
376,18.67,0.23,ambiguous
377,0.79,0.16,ambiguous
378,76.66,6.09,public health
379,0.13,3.76,ambiguous
380,1.6,1.71,ambiguous
381,99.68,62.21,public health
382,0.74,0.83,ambiguous
383,30.93,0.14,ambiguous
384,80.85,5.32,public health
385,50.51,0.1,public health
386,12.38,4.02,ambiguous
387,8.97,3.56,ambiguous
388,21.71,18.82,ambiguous
389,0.66,6.09,ambiguous
390,0.39,62.51,politics
391,1.31,0.19,ambiguous
392,2.63,0.69,ambiguous
393,0.08,0.02,ambiguous
394,0.41,24.19,ambiguous
395,0.21,0.02,ambiguous
396,0.04,0.46,ambiguous
397,0.6,0.03,ambiguous
398,1.72,1.9,ambiguous
399,52.77,0.29,public health
400,0.23,2.04,ambiguous
401,26.39,1.97,ambiguous
402,0.92,0.79,ambiguous
403,0.84,3.05,ambiguous
404,0.46,81.19,politics
405,26.76,0.12,ambiguous
406,0.57,0.97,ambiguous
407,49.69,0.07,ambiguous
408,47.5,0.65,ambiguous
409,0.36,0.55,ambiguous
410,76.34,1.14,public health
411,0.11,1.32,ambiguous
412,0.5,1.13,ambiguous
413,2.68,0.81,ambiguous
414,0.11,1.16,ambiguous
415,15.31,1.76,ambiguous
416,0.06,26.64,ambiguous
417,1.39,2.06,ambiguous
418,47.49,0.08,ambiguous
419,0.49,0.22,ambiguous
420,5.43,0.72,ambiguous
421,1.46,1.78,ambiguous
422,5.53,98.89,politics
423,45.18,59.88,politics
424,0.07,0.01,ambiguous
425,0.18,1.05,ambiguous
426,27.39,0.15,ambiguous
427,53.65,24.09,public health
428,1.17,0.42,ambiguous
429,22.74,0.47,ambiguous
430,1.46,0.21,ambiguous
431,8.82,0.21,ambiguous
432,0.53,15.53,ambiguous
433,2.21,9.11,ambiguous
434,0.26,0.27,ambiguous
435,94.77,88.64,public health
436,0.63,5.81,ambiguous
437,0.51,13.26,ambiguous
438,2.21,18.52,ambiguous
439,0.08,1.44,ambiguous
440,35.23,1.39,ambiguous
441,0.26,0.44,ambiguous
442,0.17,0.09,ambiguous
443,0.99,1.9,ambiguous
444,75.51,1.18,public health
445,0.71,3.25,ambiguous
446,4.78,0.99,ambiguous
447,80.86,1.6,public health
448,1.42,0.02,ambiguous
449,48.92,0.1,ambiguous
450,0.9,0.45,ambiguous
451,1.31,1.6,ambiguous
452,5.33,2.93,ambiguous
453,2.79,2.04,ambiguous
454,6.42,0.23,ambiguous
455,3.96,0.31,ambiguous
456,39.8,1.0,ambiguous
457,4.66,8.75,ambiguous
458,63.02,0.06,public health
459,56.55,11.66,public health
460,0.31,0.32,ambiguous
461,4.82,0.02,ambiguous
462,4.19,0.07,ambiguous
463,3.77,6.66,ambiguous
464,0.89,4.03,ambiguous
465,2.04,2.36,ambiguous
466,0.9,0.89,ambiguous
467,0.43,0.37,ambiguous
468,97.99,1.18,public health
469,16.21,0.06,ambiguous
470,8.66,18.36,ambiguous
471,97.05,97.11,politics
472,8.94,0.02,ambiguous
473,0.01,5.93,ambiguous
474,9.46,0.04,ambiguous
475,7.22,0.01,ambiguous
476,0.12,0.26,ambiguous
477,2.59,0.26,ambiguous
478,1.54,2.32,ambiguous
479,1.25,7.8,ambiguous
480,1.33,10.57,ambiguous
481,1.6,1.71,ambiguous
482,2.47,1.43,ambiguous
483,95.36,0.06,public health
484,39.14,3.49,ambiguous
485,0.95,6.0,ambiguous
486,43.97,0.04,ambiguous
487,0.11,58.16,politics
488,0.72,0.03,ambiguous
489,22.99,0.07,ambiguous
490,2.04,2.36,ambiguous
491,0.07,0.03,ambiguous
492,79.86,10.63,public health
493,12.74,2.51,ambiguous
494,1.15,12.44,ambiguous
495,8.79,22.3,ambiguous
496,0.82,0.44,ambiguous
497,8.44,0.42,ambiguous
498,1.54,0.49,ambiguous
499,0.01,0.04,ambiguous
500,0.07,4.08,ambiguous
501,0.05,0.35,ambiguous
502,3.36,1.68,ambiguous
503,66.68,0.38,public health
504,34.49,0.12,ambiguous
505,0.06,0.71,ambiguous
506,0.06,60.52,politics
507,1.64,2.12,ambiguous
508,3.54,0.15,ambiguous
509,7.73,0.11,ambiguous
510,2.43,3.26,ambiguous
511,9.43,2.46,ambiguous
512,0.29,0.72,ambiguous
513,0.47,3.07,ambiguous
514,1.53,1.2,ambiguous
515,0.07,4.74,ambiguous
516,9.55,1.09,ambiguous
517,0.24,0.12,ambiguous
518,0.21,0.0,ambiguous
519,0.03,0.64,ambiguous
520,1.43,2.86,ambiguous
521,1.6,1.71,ambiguous
522,3.35,0.1,ambiguous
523,3.76,0.01,ambiguous
524,1.07,1.52,ambiguous
525,72.72,50.08,public health
526,8.09,6.42,ambiguous
527,52.69,77.33,politics
528,74.77,0.05,public health
529,1.28,0.08,ambiguous
530,5.48,1.87,ambiguous
531,16.33,0.32,ambiguous
532,0.26,1.95,ambiguous
533,63.68,0.17,public health
534,1.32,0.02,ambiguous
535,1.82,63.64,politics
536,36.27,0.04,ambiguous
537,8.84,0.17,ambiguous
538,0.45,0.18,ambiguous
539,80.82,25.69,public health
540,11.99,0.78,ambiguous
541,0.21,1.17,ambiguous
542,0.14,0.03,ambiguous
543,5.29,0.26,ambiguous
544,45.12,3.06,ambiguous
545,0.43,30.04,ambiguous
546,28.22,20.89,ambiguous
547,25.43,6.11,ambiguous
548,0.57,0.43,ambiguous
549,1.55,5.04,ambiguous
550,0.21,49.98,ambiguous
551,10.03,75.25,politics
552,0.12,0.94,ambiguous
553,0.01,32.16,ambiguous
554,16.34,31.21,ambiguous
555,0.05,0.99,ambiguous
556,10.14,0.1,ambiguous
557,0.13,0.34,ambiguous
558,4.01,19.49,ambiguous
559,10.75,0.17,ambiguous
560,0.11,80.76,politics
561,7.53,0.53,ambiguous
562,7.59,0.01,ambiguous
563,3.36,0.17,ambiguous
564,32.4,0.11,ambiguous
565,0.29,0.29,ambiguous
566,0.35,3.65,ambiguous
567,0.13,84.98,politics
568,1.58,8.86,ambiguous
569,0.14,0.03,ambiguous
570,2.53,0.07,ambiguous
571,0.15,1.13,ambiguous
572,0.16,0.04,ambiguous
573,87.99,96.6,politics
574,93.49,0.08,public health
575,0.56,0.73,ambiguous
576,0.78,0.44,ambiguous
577,0.08,0.18,ambiguous
578,0.44,2.12,ambiguous
579,69.85,3.56,public health
580,43.61,11.98,ambiguous
581,6.21,48.54,ambiguous
582,41.51,12.84,ambiguous
583,71.08,0.72,public health
584,11.03,0.86,ambiguous
585,29.4,3.28,ambiguous
586,4.34,0.02,ambiguous
587,15.5,20.01,ambiguous
588,1.69,0.06,ambiguous
589,0.01,0.01,ambiguous
590,0.06,0.03,ambiguous
591,3.02,2.88,ambiguous
592,1.01,0.71,ambiguous
593,26.01,2.6,ambiguous
594,0.76,3.7,ambiguous
595,5.34,1.94,ambiguous
596,1.92,2.44,ambiguous
597,72.68,0.89,public health
598,29.27,0.02,ambiguous
599,0.03,0.01,ambiguous
600,38.21,20.51,ambiguous
601,0.05,0.05,ambiguous
602,0.07,88.71,politics
603,6.57,18.0,ambiguous
604,3.3,10.71,ambiguous
605,0.44,0.45,ambiguous
606,0.56,0.73,ambiguous
607,6.14,1.94,ambiguous
608,14.9,0.23,ambiguous
609,0.52,0.33,ambiguous
610,0.06,25.64,ambiguous
611,0.27,46.85,ambiguous
612,14.52,86.34,politics
613,6.27,0.37,ambiguous
614,0.23,0.11,ambiguous
615,87.1,0.8,public health
616,8.01,1.39,ambiguous
617,3.61,0.56,ambiguous
618,0.02,0.01,ambiguous
619,89.74,0.38,public health
620,0.02,0.03,ambiguous
621,1.88,15.81,ambiguous
622,1.6,1.71,ambiguous
623,0.05,12.14,ambiguous
624,10.15,24.82,ambiguous
625,42.8,0.22,ambiguous
626,14.61,0.04,ambiguous
627,0.22,0.18,ambiguous
628,0.36,1.18,ambiguous
629,1.71,60.4,politics
630,0.09,0.04,ambiguous
631,0.17,0.79,ambiguous
632,1.6,1.71,ambiguous
633,70.41,85.77,politics
634,0.05,0.22,ambiguous
635,1.6,1.71,ambiguous
636,0.03,90.55,politics
637,13.24,3.69,ambiguous
638,2.19,0.01,ambiguous
639,1.63,3.03,ambiguous
640,22.65,22.28,ambiguous
641,13.35,0.47,ambiguous
642,0.53,0.12,ambiguous
643,0.74,2.03,ambiguous
644,0.34,0.11,ambiguous
645,0.06,2.1,ambiguous
646,4.26,27.62,ambiguous
647,2.58,14.01,ambiguous
648,0.53,2.17,ambiguous
649,0.22,0.24,ambiguous
650,1.6,1.71,ambiguous
651,29.48,0.28,ambiguous
652,0.41,1.46,ambiguous
653,2.73,1.15,ambiguous
654,4.93,69.39,politics
655,0.08,0.19,ambiguous
656,0.16,79.81,politics
657,36.37,0.57,ambiguous
658,6.95,0.86,ambiguous
659,47.87,76.09,politics
660,75.5,0.03,public health
661,27.37,0.04,ambiguous
662,0.51,0.4,ambiguous
663,0.04,0.08,ambiguous
664,1.83,2.61,ambiguous
665,0.13,0.27,ambiguous
666,0.39,3.08,ambiguous
667,7.3,0.02,ambiguous
668,1.45,82.48,politics
669,0.17,84.61,politics
670,12.58,0.03,ambiguous
671,21.45,0.19,ambiguous
672,0.11,0.01,ambiguous
673,0.11,0.21,ambiguous
674,0.02,0.11,ambiguous
675,1.54,42.34,ambiguous
676,1.21,2.2,ambiguous
677,2.11,0.74,ambiguous
678,0.47,1.39,ambiguous
679,0.52,1.05,ambiguous
680,77.35,0.6,public health
681,21.55,1.25,ambiguous
682,0.2,0.05,ambiguous
683,0.05,98.95,politics
684,1.52,1.28,ambiguous
685,30.77,0.2,ambiguous
686,0.15,0.33,ambiguous
687,4.94,0.02,ambiguous
688,1.45,1.82,ambiguous
689,0.07,0.13,ambiguous
690,16.55,0.06,ambiguous
691,95.55,5.07,public health
692,0.29,0.27,ambiguous
693,10.73,1.49,ambiguous
694,1.04,0.45,ambiguous
695,2.29,1.65,ambiguous
696,2.57,0.06,ambiguous
697,33.56,0.07,ambiguous
698,0.34,25.29,ambiguous
699,0.49,0.41,ambiguous
700,6.38,2.59,ambiguous
701,0.07,0.38,ambiguous
702,34.33,0.28,ambiguous
703,75.28,0.04,public health
704,0.01,0.01,ambiguous
705,4.39,1.71,ambiguous
706,0.19,0.43,ambiguous
707,2.04,2.36,ambiguous
708,67.24,0.04,public health
709,2.35,26.54,ambiguous
710,3.15,2.12,ambiguous
711,2.75,0.11,ambiguous
712,0.42,2.7,ambiguous
713,2.79,0.09,ambiguous
714,3.66,0.33,ambiguous
715,1.01,0.74,ambiguous
716,0.2,0.02,ambiguous
717,23.39,0.12,ambiguous
718,76.74,0.86,public health
719,1.29,1.05,ambiguous
720,9.37,1.82,ambiguous
721,7.98,0.18,ambiguous
722,0.1,96.93,politics
723,25.62,0.29,ambiguous
724,0.59,0.01,ambiguous
725,1.36,0.33,ambiguous
726,23.39,0.05,ambiguous
727,0.22,0.71,ambiguous
728,0.22,0.24,ambiguous
729,12.42,0.04,ambiguous
730,0.01,0.0,ambiguous
731,0.33,0.69,ambiguous
732,0.12,0.05,ambiguous
733,98.66,13.93,public health
734,0.18,0.12,ambiguous
735,0.03,98.94,politics
736,56.48,1.23,public health
737,42.16,0.04,ambiguous
738,62.33,0.12,public health
739,0.82,0.57,ambiguous
740,0.12,86.77,politics
741,0.06,0.38,ambiguous
742,19.41,0.22,ambiguous
743,0.61,0.24,ambiguous
744,0.49,0.59,ambiguous
745,0.15,0.06,ambiguous
746,6.99,1.42,ambiguous
747,0.1,1.27,ambiguous
748,8.17,0.54,ambiguous
749,0.13,72.09,politics
750,8.36,1.99,ambiguous
751,0.35,63.1,politics
752,6.15,0.1,ambiguous
753,97.76,54.11,public health
754,24.28,53.0,politics
755,0.05,62.53,politics
756,9.09,0.11,ambiguous
757,17.21,0.01,ambiguous
758,5.74,0.13,ambiguous
759,0.99,0.16,ambiguous
760,0.89,5.4,ambiguous
761,6.54,0.13,ambiguous
762,2.1,0.68,ambiguous
763,3.05,0.36,ambiguous
764,0.68,0.55,ambiguous
765,4.52,6.11,ambiguous
766,71.63,2.23,public health
767,61.51,0.72,public health
768,1.71,0.93,ambiguous
769,3.17,0.24,ambiguous
770,0.12,0.03,ambiguous
771,0.12,0.32,ambiguous
772,15.53,9.26,ambiguous
773,0.04,90.76,politics
774,0.02,2.01,ambiguous
775,13.96,6.5,ambiguous
776,0.27,0.03,ambiguous
777,2.15,0.06,ambiguous
778,3.3,0.27,ambiguous
779,1.21,5.36,ambiguous
780,0.04,0.04,ambiguous
781,0.93,39.37,ambiguous
782,2.89,0.62,ambiguous
783,5.08,0.14,ambiguous
784,0.08,0.06,ambiguous
785,0.97,2.5,ambiguous
786,0.07,0.03,ambiguous
787,17.64,1.8,ambiguous
788,0.21,31.01,ambiguous
789,1.09,2.65,ambiguous
790,10.75,0.06,ambiguous
791,1.16,19.42,ambiguous
792,80.77,5.64,public health
793,0.95,78.68,politics
794,90.28,8.49,public health
795,0.11,0.23,ambiguous
796,39.37,1.39,ambiguous
797,0.08,0.32,ambiguous
798,0.28,95.23,politics
799,14.21,0.53,ambiguous
800,43.01,59.83,politics
801,1.22,0.47,ambiguous
802,96.95,0.08,public health
803,1.13,1.96,ambiguous
804,2.04,2.36,ambiguous
805,1.79,0.39,ambiguous
806,1.68,0.26,ambiguous
807,54.3,0.3,public health
808,0.04,0.08,ambiguous
809,1.6,1.71,ambiguous
810,0.33,0.32,ambiguous
811,2.26,15.88,ambiguous
812,0.09,0.59,ambiguous
813,0.31,0.3,ambiguous
814,0.13,5.16,ambiguous
815,27.06,74.99,politics
816,40.61,1.51,ambiguous
817,3.03,10.33,ambiguous
818,0.09,0.21,ambiguous
819,0.37,47.84,ambiguous
820,2.88,8.04,ambiguous
821,3.54,0.21,ambiguous
822,0.39,25.78,ambiguous
823,4.16,0.1,ambiguous
824,94.62,2.47,public health
825,1.86,1.3,ambiguous
826,26.01,0.07,ambiguous
827,0.94,0.62,ambiguous
828,0.02,44.46,ambiguous
829,0.4,0.72,ambiguous
830,12.33,9.59,ambiguous
831,6.28,0.03,ambiguous
832,79.41,39.79,public health
833,0.06,81.75,politics
834,60.67,0.01,public health
835,19.75,0.38,ambiguous
836,65.15,57.9,public health
837,2.95,0.11,ambiguous
838,0.41,0.43,ambiguous
839,28.49,4.97,ambiguous
840,13.68,0.07,ambiguous
841,32.28,0.03,ambiguous
842,2.61,0.01,ambiguous
843,45.44,0.24,ambiguous
844,12.0,99.43,politics
845,14.82,2.0,ambiguous
846,9.12,3.27,ambiguous
847,0.3,0.02,ambiguous
848,0.09,29.32,ambiguous
849,2.04,2.36,ambiguous
850,0.69,4.9,ambiguous
851,3.1,7.45,ambiguous
852,2.08,0.65,ambiguous
853,12.6,4.0,ambiguous
854,0.27,0.09,ambiguous
855,1.6,1.71,ambiguous
856,37.82,9.07,ambiguous
857,22.62,0.79,ambiguous
858,9.49,3.34,ambiguous
859,4.46,8.23,ambiguous
860,0.02,0.52,ambiguous
861,2.69,33.06,ambiguous
862,0.11,0.43,ambiguous
863,0.02,8.77,ambiguous
864,0.24,80.89,politics
865,0.56,0.43,ambiguous
866,0.18,60.79,politics
867,0.39,0.14,ambiguous
868,0.69,0.07,ambiguous
869,0.24,1.68,ambiguous
870,97.16,0.02,public health
871,0.42,0.58,ambiguous
872,0.06,0.15,ambiguous
873,0.54,0.24,ambiguous
874,0.67,74.0,politics
875,0.93,0.32,ambiguous
876,2.26,63.51,politics
877,48.01,0.46,ambiguous
878,0.92,1.0,ambiguous
879,3.42,0.22,ambiguous
880,3.15,0.18,ambiguous
881,0.51,2.87,ambiguous
882,12.42,0.05,ambiguous
883,1.6,1.71,ambiguous
884,0.3,0.61,ambiguous
885,91.8,4.84,public health
886,0.06,0.01,ambiguous
887,0.71,4.13,ambiguous
888,2.28,93.02,politics
889,0.18,16.67,ambiguous
890,0.31,18.6,ambiguous
891,93.91,5.62,public health
892,12.49,0.13,ambiguous
893,0.42,0.07,ambiguous
894,8.7,0.05,ambiguous
895,35.04,0.72,ambiguous
896,0.2,0.27,ambiguous
897,17.79,0.03,ambiguous
898,44.11,0.04,ambiguous
899,75.6,0.03,public health
900,51.72,1.79,public health
901,43.63,5.46,ambiguous
902,4.52,0.16,ambiguous
903,67.21,97.09,politics
904,1.79,2.88,ambiguous
905,0.41,0.65,ambiguous
906,22.22,11.04,ambiguous
907,0.9,23.96,ambiguous
908,26.09,0.35,ambiguous
909,92.32,1.27,public health
910,0.03,0.01,ambiguous
911,7.32,4.26,ambiguous
912,68.13,0.2,public health
913,0.48,0.11,ambiguous
914,0.01,0.35,ambiguous
915,0.59,46.86,ambiguous
916,0.13,0.29,ambiguous
917,3.69,0.33,ambiguous
918,91.85,28.02,public health
919,37.67,60.34,politics
920,1.6,1.71,ambiguous
921,1.52,2.3,ambiguous
922,8.71,0.34,ambiguous
923,1.46,2.75,ambiguous
924,0.81,55.36,politics
925,0.03,0.21,ambiguous
926,61.0,5.25,public health
927,0.28,62.7,politics
928,10.06,0.13,ambiguous
929,0.19,69.13,politics
930,4.48,0.72,ambiguous
931,38.81,3.96,ambiguous
932,2.8,1.73,ambiguous
933,4.06,2.12,ambiguous
934,3.72,1.14,ambiguous
935,0.27,7.9,ambiguous
936,0.03,0.15,ambiguous
937,7.23,0.37,ambiguous
938,1.19,1.7,ambiguous
939,19.31,0.04,ambiguous
940,2.11,0.7,ambiguous
941,33.53,0.17,ambiguous
942,0.02,0.01,ambiguous
943,44.11,0.02,ambiguous
944,0.34,1.22,ambiguous
945,3.43,0.42,ambiguous
946,4.33,0.01,ambiguous
947,0.06,3.77,ambiguous
948,0.04,0.75,ambiguous
949,2.02,5.25,ambiguous
950,69.05,31.44,public health
951,4.04,7.63,ambiguous
952,0.26,0.23,ambiguous
953,0.11,8.29,ambiguous
954,11.99,4.04,ambiguous
955,1.6,1.71,ambiguous
956,9.65,5.68,ambiguous
957,26.03,0.39,ambiguous
958,0.15,0.35,ambiguous
959,0.09,0.45,ambiguous
960,13.4,0.04,ambiguous
961,1.85,0.11,ambiguous
962,0.19,3.11,ambiguous
963,4.06,0.11,ambiguous
964,0.61,0.09,ambiguous
965,2.04,2.36,ambiguous
966,35.21,2.08,ambiguous
967,2.21,0.03,ambiguous
968,0.69,1.72,ambiguous
969,0.5,0.53,ambiguous
970,33.69,2.26,ambiguous
971,0.09,73.96,politics
972,0.5,0.02,ambiguous
973,1.6,1.71,ambiguous
974,9.03,2.95,ambiguous
975,1.07,38.76,ambiguous
976,9.02,0.02,ambiguous
977,0.07,1.37,ambiguous
978,36.02,0.28,ambiguous
979,70.85,38.61,public health
980,66.76,0.47,public health
981,0.14,0.26,ambiguous
982,18.96,0.07,ambiguous
983,89.08,0.05,public health
984,0.03,0.11,ambiguous
985,0.07,72.6,politics
986,0.67,0.85,ambiguous
987,0.07,87.4,politics
988,16.49,0.08,ambiguous
989,0.4,12.96,ambiguous
990,4.58,48.3,ambiguous
991,4.11,0.24,ambiguous
992,1.73,0.58,ambiguous
993,8.06,22.38,ambiguous
994,0.69,0.48,ambiguous
995,7.26,9.69,ambiguous
996,0.31,5.78,ambiguous
997,0.02,33.93,ambiguous
998,2.26,8.03,ambiguous
999,0.56,0.47,ambiguous
